resource,message_id,kind,offset,byte_length,original_en,original_jp,translated,copy_status
648,1,codepage,0,5,Cost,,,primary
648,0,codepage,0,5,Cost,なし,,primary
648,2,codepage,5,5,None,なし,,duplicate
648,3,codepage,10,7,Origin,原産地,,primary
648,4,codepage,17,14,1. Sealstones,.封印石について,,
648,5,codepage,31,19,2. Effect Subjects,.効果の対〓,,
648,6,codepage,50,16,3. Area Effects,.エリア効果（台座と殻）,,
648,7,codepage,66,17,4. Divinity Void,.加護無しの間,,
648,8,codepage,83,27,5. Springs and Restoration,.〓と返還,,
648,9,codepage,110,13,6. Camp Menu,.メニュー,,
648,11,codepage,123,2,/,／,,duplicate
648,12,codepage,125,5,None,なし,,duplicate
648,13,codepage,130,9,????????,？？？？？？？？,,
648,14,codepage,139,5,Sort,ソート,,duplicate
648,15,codepage,144,7,Origin,原産地〓,,duplicate
648,16,codepage,151,5,Type,種類〓,,duplicate
648,17,codepage,156,4,ABC,名前〓,,duplicate
648,18,codepage,160,9,Acquired,入手封印石,,
648,19,codepage,169,9,Restored,返還済み,,
648,25,codepage,178,11,Sealstones,封印石,,duplicate
648,26,codepage,189,4,---,,,
648,50,codepage,193,33,Check sealstones currently held.,所持している封印石を確認します,,
648,51,codepage,226,21,View sealstone list.,封印石の一覧を表示します,,
648,52,codepage,247,28,View sealstone explanation.,封印石の説明を表示します,,
648,53,codepage,275,26,<8099>RInfo<0065><8099>8<8099>9Switch page,詳細 ページ切り替え,,
648,54,codepage,301,8,<8099>RInfo,詳細,,
648,55,codepage,309,18,<8099>2<8099>3Switch page,ページ切り替え,,
648,56,codepage,327,32,<8099>R<8099>@Info  <8099>QSort  <8099>8<8099>9Page,詳細 ソート ページ,,
648,57,codepage,359,19,Arrange by origin.,原産地別に並び替えます,,
648,58,codepage,378,17,Arrange by type.,種類別に並び替えます,,duplicate
648,59,codepage,395,31,Arrange in alphabetical order.,名前〓に並び替えます,,duplicate
648,60,codepage,426,34,Place acquired sealstones at top.,入手した事のある封印石を先頭に移動します,,
648,61,codepage,460,34,Place restored sealstones at top.,返還した事のある封印石を先頭に移動します,,
648,70,codepage,494,11,<8099>R<8099>ABack,戻る,,duplicate
648,71,codepage,505,121,"<8088>1Sealstones<8089> are concentrated energy that
seeps from Yggdrasil's earth veins.
They affect their holders' abilities.","封印石とは、ユグドラシルの地脈から
にじみ出る力が〓縮されたものであり、
所有者の能力に影響を与える石です。",,
648,72,codepage,626,66,"When a character holds a sealstone,
it affects the entire party.","プレイヤーが封印石を所持している場合
は、パーティー全体に影響を与えます。",,
648,73,codepage,692,53,"Sealstones can only be placed at certain
locations.","封印石は特別な場所以外には置く事が
できません。",,
648,74,codepage,745,134,"Sealstones may be placed on a <8088>1dais<8089> where
the veins cross, in a <8088>1spring<8089> where the veins
open, or in a sealstone <8088>1shell<8089>.","封印石をマップに置く事ができるのは、
ダンジヨン内の地脈の〓目である
『台座』と、封印石の『殻』のみです。",,
648,75,codepage,879,87,"Once taken, sealstones can only be
removed at a <8088>1dais<8089>, <8088>1shell<8089> or <8088>1spring<8089>.","身に着けた封印石は『殻』『台座』と
地脈の裂け目である『〓』以外では
外す事はできません。（〓の用法は
「.〓と返還」をご覧下さい。） ",,
648,76,codepage,966,99,"When the player party holds a sealstone,
<8088>1the entire player party is subject<8089> to
the effects.","プレイヤーパーティーが所持している
場合、その効果はプレイヤーパーティー
全体に対して作用します。",,
648,77,codepage,1065,148,"When a sealstone is placed upon a dais,
<8088>1all the surrounding enemies are subject<8089> to
the effects. This is referred to as an
<8088>1Area Effect<8089>.","台座に封印石が置かれている場合、
その封印石は周辺の全ての敵に対して
効果を与えます。
これを『エリア効果』と呼びます。",,
648,78,codepage,1213,73,"When you enter a zone with Area Effects
active, a warning icon appears.","エリア効果が発生している〓画に入ると
〓告アイコンが表示されます。",,
648,79,codepage,1286,58,"When an enemy holds a sealstone, that
enemy is affected.","敵が所持している場合は、その敵に
対して作用します。",,
648,80,codepage,1344,136,"When entering a zone in which an enemy
has a sealstone, a warning icon appears.
Warning icons can be viewed anytime by
pressing <8099>O.","封印石を持った敵がいる〓画に立ち入る
と、〓告アイコンが表示されます。
（〓告アイコンはでいつでも表示可能
です。）",,
648,81,codepage,1480,99,"When fighting enemies holding sealstones,
<8088>1the entire enemy party is subject<8089> to
the effects.","封印石を所持した敵と戦闘する場合、
封印石は敵パーティー全員に対して
作用します。
",,
648,82,codepage,1579,111,"If victorious against enemies holding
sealstones, the sealstones will remain
there for the party to acquire.","封印石を所持する敵との戦闘に勝利
すれば、封印石はその場に残り、入手
可能となります。",,
648,83,codepage,1690,156,"Since a dais is located on earth veins,
the Area Effects will travel throughout
the veins to affect the entire map when
a sealstone is placed on a dais.","封印石が台座に置かれた場合、台座は
地脈に通じているため、そのエリア効果
は、地脈を通じてマップ全体に影響を
与えます。",,
648,84,codepage,1846,92,"However, at points where veins end or
are interrupted, the Area Effects will
cease there.","ただし、地脈が途切れたり地脈を遮ったり
するものがあると、エリア効果はそこで
途切れてしまいます。",,
648,85,codepage,1938,111,"You can check the range of Area Effects
on the overall map.
The range of an Area Effect will appear
in red.","全体マップでは、エリア効果が及ぶ範囲
を確認する事ができます。
（エリア効果が及ぶ範囲は赤色で表示
されます。）",,
648,86,codepage,2049,94,"When there are two sealstones on a dais,
the effects of both will be active
simultaneously.","二つの台座に封印石が置かれている
場合は、両方の効果が同時に発生
します。",,
648,87,codepage,2143,72,"When there are no sealstones on a dais,
Area Effects will cease there.","封印石が置かれていない台座があると、
エリア効果はそこで途切れてしまいます。",,
648,88,codepage,2215,74,"When you place a sealstone on a shell,
its area effect is not activated.","殻は、封印石を置く事はできますが、
エリア効果は発生しません。",,
648,89,codepage,2289,143,"A <8088>1Divinity Void<8089> is where the earth veins
of Yggdrasil have withered and died.
In a <8088>1Divinity Void<8089>, sealstones held have
no effect.","『加護無しの間』というユグドラシルの
地脈の枯れ果てた場所が存在します。
加護無しの間では、封印石は効果を
失い、所有していても影響を受けません。",,
648,90,codepage,2432,60,"Moreover, a Divinity Void interrupts
Area Effects as well.","また、加護無しの間はエリア効果を
遮ります。",,
648,91,codepage,2492,119,"When leaving a dungeon, sealstones are
returned to their original location.
Generally, they cannot be taken outside.","封印石は、ダンジヨンを出ると元の位置
に戻ります。〓本的に外に持ち出す事
はできません。",,
648,92,codepage,2611,159,"There are places called <8088>1springs<8089> that the
veins run through in dungeons. Throwing 
a sealstone into a spring will return it to
Yggdrasil's earth veins.","ダンジヨンには『〓』と呼ばれる地脈
に通じている場所があります。〓では、
封印石を投げ込んでユグドラシルの
地脈に戻す事が可能です。",,
648,93,codepage,2770,140,"Returning sealstones to the earth veins of
Yggdrasil is called <8088>1restoration<8089>.
Restoration of sealstones consumes
<8088>1magic crystals<8089>.","ユグドラシルの地脈に封印石を戻す事を
『返還』と呼びます。
封印石を返還するには、魔晶石を消費
します。",,
648,94,codepage,2910,149,"Sealstones can be again withdrawn from
<8088>1springs<8089> after restoration.
Magic crystals are not required when
withdrawing sealstones from a spring.","一度地脈に返還した封印石は、
引き出し残数の〓す〓り
〓から出し入れが可能です。
魔晶石を消費する事はありません。",,
648,95,codepage,3059,142,"The springs scattered across the world
are connected by Yggdrasil's veins.
A sealstone restored to one spring may
be withdrawn at another.","各地に散らばる〓は、ユグドラシルの
地脈を通じてつながっています。〓で
返還した封印石は、他の〓でも取り出す
事が可能です。",,
648,96,codepage,3201,92,"By restoring them to springs, sealstones
will become available for use in other
dungeons.","〓で封印石を返還する事によって、
封印石を他のダンジヨンで利用する事が
可能です。",,
648,97,codepage,3293,130,"Since daises also sit atop earth veins,
sealstones can be restored there.
However, sealstones cannot be withdrawn
from daises.","台座も地脈に通じているため、封印石を
返還する事が可能です。
ただし、台座からは封印石を取り出す
事はできません。",,
648,98,codepage,3423,105,"Check the information for any sealstone
held at least once in the Sealstones section
of the camp menu.","一度でも所持または返還した事の
ある封印石は、メニュー内の封印石の
〓目で詳細を確認する事ができます。",,
648,99,codepage,3528,100,"Use this option to check the known locations
of certain sealstones and to research
their effects.","過去に見かけた封印石の所在地を
調べたい時や、封印石の効果を
詳しく知りたい時に活用して下さい。",,
648,101,codepage,3629,8,TOP_MAP,先頭マップ,,duplicate
648,102,codepage,3637,8,Midgard,ミッドガルド,,duplicate
648,103,codepage,3645,12,ENDROLL_MAP,エンドロール（マップ）,,duplicate
648,104,codepage,3657,6,Solde,港町ゾルデ,,duplicate
648,105,codepage,3663,6,Solde,港町ゾルデ,,duplicate
648,106,codepage,3669,6,Solde,港町ゾルデ,,duplicate
648,107,codepage,3675,6,Solde,港町ゾルデ,,duplicate
648,108,codepage,3681,6,Solde,港町ゾルデ,,duplicate
648,109,codepage,3687,6,Solde,港町ゾルデ,,duplicate
648,110,codepage,3693,6,Solde,港町ゾルデ,,duplicate
648,111,codepage,3699,6,Solde,港町ゾルデ,,duplicate
648,112,codepage,3705,6,Solde,港町ゾルデ,,duplicate
648,113,codepage,3711,6,Solde,港町ゾルデ,,duplicate
648,114,codepage,3717,6,Dipan,ディパン城下町,,duplicate
648,115,codepage,3723,6,Dipan,ディパン城下町,,duplicate
648,116,codepage,3729,6,Dipan,ディパン城下町,,duplicate
648,117,codepage,3735,6,Dipan,ディパン城下町,,duplicate
648,118,codepage,3741,6,Dipan,ディパン城下町,,duplicate
648,119,codepage,3747,6,Dipan,ディパン城下町,,duplicate
648,120,codepage,3753,6,Dipan,ディパン城下町,,duplicate
648,121,codepage,3759,6,Dipan,ディパン城下町,,duplicate
648,122,codepage,3765,6,Dipan,ディパン城下町,,duplicate
648,123,codepage,3771,6,Dipan,ディパン城下町,,duplicate
648,124,codepage,3777,6,Dipan,ディパン城下町,,duplicate
648,125,codepage,3783,6,Dipan,ディパン城下町,,duplicate
648,126,codepage,3789,6,Dipan,ディパン城下町,,duplicate
648,127,codepage,3795,10,Coriander,コリアンドル村,,duplicate
648,128,codepage,3805,10,Coriander,コリアンドル村,,duplicate
648,129,codepage,3815,10,Coriander,コリアンドル村,,duplicate
648,130,codepage,3825,10,Coriander,コリアンドル村,,duplicate
648,131,codepage,3835,10,Coriander,コリアンドル村,,duplicate
648,132,codepage,3845,9,Villnore,ヴィルノア,,duplicate
648,133,codepage,3854,9,Villnore,ヴィルノア,,duplicate
648,134,codepage,3863,9,Villnore,ヴィルノア,,duplicate
648,135,codepage,3872,9,Villnore,ヴィルノア,,duplicate
648,136,codepage,3881,9,Villnore,ヴィルノア,,duplicate
648,137,codepage,3890,9,Villnore,ヴィルノア,,duplicate
648,138,codepage,3899,9,Villnore,ヴィルノア,,duplicate
648,139,codepage,3908,9,Villnore,ヴィルノア,,duplicate
648,140,codepage,3917,8,Kalstad,カルスタッド,,duplicate
648,141,codepage,3925,8,Kalstad,カルスタッド,,duplicate
648,142,codepage,3933,8,Kalstad,カルスタッド,,duplicate
648,143,codepage,3941,8,Kalstad,カルスタッド,,duplicate
648,144,codepage,3949,8,Kalstad,カルスタッド,,duplicate
648,145,codepage,3957,8,Kalstad,カルスタッド,,duplicate
648,146,codepage,3965,8,Kalstad,カルスタッド,,duplicate
648,147,codepage,3973,18,Crell Monferaigne,クレルモンフェラン,,duplicate
648,148,codepage,3991,18,Crell Monferaigne,クレルモンフェラン,,duplicate
648,149,codepage,4009,18,Crell Monferaigne,クレルモンフェラン,,duplicate
648,150,codepage,4027,18,Crell Monferaigne,クレルモンフェラン,,duplicate
648,151,codepage,4045,18,Crell Monferaigne,クレルモンフェラン,,duplicate
648,152,codepage,4063,18,Crell Monferaigne,クレルモンフェラン,,duplicate
648,153,codepage,4081,18,Crell Monferaigne,クレルモンフェラン,,duplicate
648,154,codepage,4099,18,Crell Monferaigne,クレルモンフェラン,,duplicate
648,155,codepage,4117,18,Crell Monferaigne,クレルモンフェラン,,duplicate
648,156,codepage,4135,18,Crell Monferaigne,クレルモンフェラン,,duplicate
648,157,codepage,4153,18,Crell Monferaigne,クレルモンフェラン,,duplicate
648,158,codepage,4171,6,Dipan,ディパン城下町,,duplicate
648,159,codepage,4177,6,Dipan,ディパン城下町,,duplicate
648,160,codepage,4183,23,Royal Underground Path,王家の地下道,,duplicate
648,161,codepage,4206,23,Royal Underground Path,王家の地下道,,duplicate
648,162,codepage,4229,23,Royal Underground Path,王家の地下道,,duplicate
648,163,codepage,4252,23,Royal Underground Path,王家の地下道,,duplicate
648,164,codepage,4275,23,Royal Underground Path,王家の地下道,,duplicate
648,165,codepage,4298,23,Royal Underground Path,王家の地下道,,duplicate
648,166,codepage,4321,23,Royal Underground Path,王家の地下道,,duplicate
648,167,codepage,4344,23,Royal Underground Path,王家の地下道,,duplicate
648,168,codepage,4367,23,Royal Underground Path,王家の地下道,,duplicate
648,169,codepage,4390,23,Royal Underground Path,王家の地下道,,duplicate
648,170,codepage,4413,23,Royal Underground Path,王家の地下道,,duplicate
648,171,codepage,4436,23,Royal Underground Path,王家の地下道,,duplicate
648,172,codepage,4459,23,Royal Underground Path,王家の地下道,,duplicate
648,173,codepage,4482,23,Royal Underground Path,王家の地下道,,duplicate
648,174,codepage,4505,23,Royal Underground Path,王家の地下道,,duplicate
648,175,codepage,4528,23,Royal Underground Path,王家の地下道,,duplicate
648,176,codepage,4551,23,Royal Underground Path,王家の地下道,,duplicate
648,177,codepage,4574,23,Royal Underground Path,王家の地下道,,duplicate
648,178,codepage,4597,23,Royal Underground Path,王家の地下道,,duplicate
648,179,codepage,4620,12,Lost Forest,喪失の森,,duplicate
648,180,codepage,4632,12,Lost Forest,喪失の森,,duplicate
648,181,codepage,4644,12,Lost Forest,喪失の森,,duplicate
648,182,codepage,4656,12,Lost Forest,喪失の森,,duplicate
648,183,codepage,4668,12,Lost Forest,喪失の森,,duplicate
648,184,codepage,4680,12,Lost Forest,喪失の森,,duplicate
648,185,codepage,4692,12,Lost Forest,喪失の森,,duplicate
648,186,codepage,4704,12,Lost Forest,喪失の森,,duplicate
648,187,codepage,4716,13,Dipan Castle,ディパン城,,duplicate
648,188,codepage,4729,13,Dipan Castle,ディパン城,,duplicate
648,189,codepage,4742,13,Dipan Castle,ディパン城,,duplicate
648,190,codepage,4755,13,Dipan Castle,ディパン城,,duplicate
648,191,codepage,4768,13,Dipan Castle,ディパン城,,duplicate
648,192,codepage,4781,13,Dipan Castle,ディパン城,,duplicate
648,193,codepage,4794,13,Dipan Castle,ディパン城,,duplicate
648,194,codepage,4807,13,Dipan Castle,ディパン城,,duplicate
648,195,codepage,4820,13,Dipan Castle,ディパン城,,duplicate
648,196,codepage,4833,13,Dipan Castle,ディパン城,,duplicate
648,197,codepage,4846,13,Dipan Castle,ディパン城,,duplicate
648,198,codepage,4859,13,Dipan Castle,ディパン城,,duplicate
648,199,codepage,4872,13,Dipan Castle,ディパン城,,duplicate
648,200,codepage,4885,24,Serdberg Mountain Ruins,セルドベルグ山岳遺跡,,duplicate
648,201,codepage,4909,24,Serdberg Mountain Ruins,セルドベルグ山岳遺跡,,duplicate
648,202,codepage,4933,24,Serdberg Mountain Ruins,セルドベルグ山岳遺跡,,duplicate
648,203,codepage,4957,24,Serdberg Mountain Ruins,セルドベルグ山岳遺跡,,duplicate
648,204,codepage,4981,24,Serdberg Mountain Ruins,セルドベルグ山岳遺跡,,duplicate
648,205,codepage,5005,24,Serdberg Mountain Ruins,セルドベルグ山岳遺跡,,duplicate
648,206,codepage,5029,24,Serdberg Mountain Ruins,セルドベルグ山岳遺跡,,duplicate
648,207,codepage,5053,24,Serdberg Mountain Ruins,セルドベルグ山岳遺跡,,duplicate
648,208,codepage,5077,24,Serdberg Mountain Ruins,セルドベルグ山岳遺跡,,duplicate
648,209,codepage,5101,24,Serdberg Mountain Ruins,セルドベルグ山岳遺跡,,duplicate
648,210,codepage,5125,24,Serdberg Mountain Ruins,セルドベルグ山岳遺跡,,duplicate
648,211,codepage,5149,24,Serdberg Mountain Ruins,セルドベルグ山岳遺跡,,duplicate
648,212,codepage,5173,27,Audoula Temple on the Lake,アウドゥーラ水上神殿,,duplicate
648,213,codepage,5200,27,Audoula Temple on the Lake,アウドゥーラ水上神殿,,duplicate
648,214,codepage,5227,27,Audoula Temple on the Lake,アウドゥーラ水上神殿,,duplicate
648,215,codepage,5254,27,Audoula Temple on the Lake,アウドゥーラ水上神殿,,duplicate
648,216,codepage,5281,27,Audoula Temple on the Lake,アウドゥーラ水上神殿,,duplicate
648,217,codepage,5308,27,Audoula Temple on the Lake,アウドゥーラ水上神殿,,duplicate
648,218,codepage,5335,27,Audoula Temple on the Lake,アウドゥーラ水上神殿,,duplicate
648,219,codepage,5362,27,Audoula Temple on the Lake,アウドゥーラ水上神殿,,duplicate
648,220,codepage,5389,27,Audoula Temple on the Lake,アウドゥーラ水上神殿,,duplicate
648,221,codepage,5416,27,Audoula Temple on the Lake,アウドゥーラ水上神殿,,duplicate
648,222,codepage,5443,22,Surts Volcano Caverns,スルス火山洞窟,,duplicate
648,223,codepage,5465,22,Surts Volcano Caverns,スルス火山洞窟,,duplicate
648,224,codepage,5487,22,Surts Volcano Caverns,スルス火山洞窟,,duplicate
648,225,codepage,5509,22,Surts Volcano Caverns,スルス火山洞窟,,duplicate
648,226,codepage,5531,22,Surts Volcano Caverns,スルス火山洞窟,,duplicate
648,227,codepage,5553,22,Surts Volcano Caverns,スルス火山洞窟,,duplicate
648,228,codepage,5575,22,Surts Volcano Caverns,スルス火山洞窟,,duplicate
648,229,codepage,5597,22,Surts Volcano Caverns,スルス火山洞窟,,duplicate
648,230,codepage,5619,22,Surts Volcano Caverns,スルス火山洞窟,,duplicate
648,231,codepage,5641,22,Surts Volcano Caverns,スルス火山洞窟,,duplicate
648,232,codepage,5663,22,Surts Volcano Caverns,スルス火山洞窟,,duplicate
648,233,codepage,5685,22,Surts Volcano Caverns,スルス火山洞窟,,duplicate
648,234,codepage,5707,22,Surts Volcano Caverns,スルス火山洞窟,,duplicate
648,235,codepage,5729,22,Surts Volcano Caverns,スルス火山洞窟,,duplicate
648,236,codepage,5751,22,Surts Volcano Caverns,スルス火山洞窟,,duplicate
648,237,codepage,5773,21,Crawsus Forest Ruins,クローサス森林遺跡,,duplicate
648,238,codepage,5794,21,Crawsus Forest Ruins,クローサス森林遺跡,,duplicate
648,239,codepage,5815,21,Crawsus Forest Ruins,クローサス森林遺跡,,duplicate
648,240,codepage,5836,21,Crawsus Forest Ruins,クローサス森林遺跡,,duplicate
648,241,codepage,5857,21,Crawsus Forest Ruins,クローサス森林遺跡,,duplicate
648,242,codepage,5878,21,Crawsus Forest Ruins,クローサス森林遺跡,,duplicate
648,243,codepage,5899,21,Crawsus Forest Ruins,クローサス森林遺跡,,duplicate
648,244,codepage,5920,21,Crawsus Forest Ruins,クローサス森林遺跡,,duplicate
648,245,codepage,5941,21,Crawsus Forest Ruins,クローサス森林遺跡,,duplicate
648,246,codepage,5962,21,Crawsus Forest Ruins,クローサス森林遺跡,,duplicate
648,247,codepage,5983,21,Crawsus Forest Ruins,クローサス森林遺跡,,duplicate
648,248,codepage,6004,21,Crawsus Forest Ruins,クローサス森林遺跡,,duplicate
648,249,codepage,6025,31,Palace of the Venerated Dragon,奉竜殿,,duplicate
648,250,codepage,6056,31,Palace of the Venerated Dragon,奉竜殿,,duplicate
648,251,codepage,6087,31,Palace of the Venerated Dragon,奉竜殿,,duplicate
648,252,codepage,6118,31,Palace of the Venerated Dragon,奉竜殿,,duplicate
648,253,codepage,6149,31,Palace of the Venerated Dragon,奉竜殿,,duplicate
648,254,codepage,6180,31,Palace of the Venerated Dragon,奉竜殿,,duplicate
648,255,codepage,6211,31,Palace of the Venerated Dragon,奉竜殿,,duplicate
648,256,codepage,6242,31,Palace of the Venerated Dragon,奉竜殿,,duplicate
648,257,codepage,6273,31,Palace of the Venerated Dragon,奉竜殿,,duplicate
648,258,codepage,6304,31,Palace of the Venerated Dragon,奉竜殿,,duplicate
648,259,codepage,6335,31,Palace of the Venerated Dragon,奉竜殿,,duplicate
648,260,codepage,6366,31,Palace of the Venerated Dragon,奉竜殿,,duplicate
648,261,codepage,6397,31,Palace of the Venerated Dragon,奉竜殿,,duplicate
648,262,codepage,6428,31,Palace of the Venerated Dragon,奉竜殿,,duplicate
648,263,codepage,6459,31,Palace of the Venerated Dragon,奉竜殿,,duplicate
648,264,codepage,6490,31,Palace of the Venerated Dragon,奉竜殿,,duplicate
648,265,codepage,6521,31,Palace of the Venerated Dragon,奉竜殿,,duplicate
648,266,codepage,6552,31,Palace of the Venerated Dragon,奉竜殿,,duplicate
648,267,codepage,6583,31,Palace of the Venerated Dragon,奉竜殿,,duplicate
648,268,codepage,6614,31,Palace of the Venerated Dragon,奉竜殿,,duplicate
648,269,codepage,6645,31,Palace of the Venerated Dragon,奉竜殿,,duplicate
648,270,codepage,6676,31,Palace of the Venerated Dragon,奉竜殿,,duplicate
648,271,codepage,6707,31,Palace of the Venerated Dragon,奉竜殿,,duplicate
648,272,codepage,6738,31,Palace of the Venerated Dragon,奉竜殿,,duplicate
648,273,codepage,6769,31,Palace of the Venerated Dragon,奉竜殿,,duplicate
648,274,codepage,6800,31,Palace of the Venerated Dragon,奉竜殿,,duplicate
648,275,codepage,6831,31,Palace of the Venerated Dragon,奉竜殿,,duplicate
648,276,codepage,6862,31,Palace of the Venerated Dragon,奉竜殿,,duplicate
648,277,codepage,6893,31,Palace of the Venerated Dragon,奉竜殿,,duplicate
648,278,codepage,6924,31,Palace of the Venerated Dragon,奉竜殿,,duplicate
648,279,codepage,6955,31,Palace of the Venerated Dragon,奉竜殿,,duplicate
648,280,codepage,6986,31,Palace of the Venerated Dragon,奉竜殿,,duplicate
648,281,codepage,7017,31,Palace of the Venerated Dragon,奉竜殿,,duplicate
648,282,codepage,7048,31,Palace of the Venerated Dragon,奉竜殿,,duplicate
648,283,codepage,7079,13,Dipan Castle,ディパン城,,duplicate
648,284,codepage,7092,13,Dipan Castle,ディパン城,,duplicate
648,285,codepage,7105,13,Dipan Castle,ディパン城,,duplicate
648,286,codepage,7118,13,Dipan Castle,ディパン城,,duplicate
648,287,codepage,7131,13,Dipan Castle,ディパン城,,duplicate
648,288,codepage,7144,13,Dipan Castle,ディパン城,,duplicate
648,289,codepage,7157,13,Dipan Castle,ディパン城,,duplicate
648,290,codepage,7170,13,Dipan Castle,ディパン城,,duplicate
648,291,codepage,7183,13,Dipan Castle,ディパン城,,duplicate
648,292,codepage,7196,13,Dipan Castle,ディパン城,,duplicate
648,293,codepage,7209,13,Dipan Castle,ディパン城,,duplicate
648,294,codepage,7222,13,Dipan Castle,ディパン城,,duplicate
648,295,codepage,7235,13,Dipan Castle,ディパン城,,duplicate
648,296,codepage,7248,13,Dipan Castle,ディパン城,,duplicate
648,297,codepage,7261,13,Dipan Castle,ディパン城,,duplicate
648,298,codepage,7274,13,Dipan Castle,ディパン城,,duplicate
648,299,codepage,7287,18,Forest of Spirits,精霊の森,,duplicate
648,300,codepage,7305,18,Forest of Spirits,精霊の森,,duplicate
648,301,codepage,7323,18,Forest of Spirits,精霊の森,,duplicate
648,302,codepage,7341,18,Forest of Spirits,精霊の森,,duplicate
648,303,codepage,7359,18,Forest of Spirits,精霊の森,,duplicate
648,304,codepage,7377,18,Forest of Spirits,精霊の森,,duplicate
648,305,codepage,7395,18,Forest of Spirits,精霊の森,,duplicate
648,306,codepage,7413,18,Forest of Spirits,精霊の森,,duplicate
648,307,codepage,7431,18,Forest of Spirits,精霊の森,,duplicate
648,308,codepage,7449,18,Forest of Spirits,精霊の森,,duplicate
648,309,codepage,7467,18,Forest of Spirits,精霊の森,,duplicate
648,310,codepage,7485,18,Forest of Spirits,精霊の森,,duplicate
648,311,codepage,7503,8,Bifrost,ビフレスト,,duplicate
648,312,codepage,7511,8,Bifrost,ビフレスト,,duplicate
648,313,codepage,7519,17,Hall of Valhalla,ヴァルハラ宮殿,,duplicate
648,314,codepage,7536,17,Hall of Valhalla,ヴァルハラ宮殿,,duplicate
648,315,codepage,7553,17,Hall of Valhalla,ヴァルハラ宮殿,,duplicate
648,316,codepage,7570,17,Hall of Valhalla,ヴァルハラ宮殿,,duplicate
648,317,codepage,7587,17,Hall of Valhalla,ヴァルハラ宮殿,,duplicate
648,318,codepage,7604,17,Hall of Valhalla,ヴァルハラ宮殿,,duplicate
648,319,codepage,7621,17,Hall of Valhalla,ヴァルハラ宮殿,,duplicate
648,320,codepage,7638,17,Hall of Valhalla,ヴァルハラ宮殿,,duplicate
648,321,codepage,7655,17,Hall of Valhalla,ヴァルハラ宮殿,,duplicate
648,322,codepage,7672,17,Hall of Valhalla,ヴァルハラ宮殿,,duplicate
648,323,codepage,7689,17,Hall of Valhalla,ヴァルハラ宮殿,,duplicate
648,324,codepage,7706,17,Hall of Valhalla,ヴァルハラ宮殿,,duplicate
648,325,codepage,7723,17,Hall of Valhalla,ヴァルハラ宮殿,,duplicate
648,326,codepage,7740,17,Hall of Valhalla,ヴァルハラ宮殿,,duplicate
648,327,codepage,7757,17,Hall of Valhalla,ヴァルハラ宮殿,,duplicate
648,328,codepage,7774,17,Hall of Valhalla,ヴァルハラ宮殿,,duplicate
648,329,codepage,7791,17,Hall of Valhalla,ヴァルハラ宮殿,,duplicate
648,330,codepage,7808,17,Hall of Valhalla,ヴァルハラ宮殿,,duplicate
648,331,codepage,7825,17,Hall of Valhalla,ヴァルハラ宮殿,,duplicate
648,332,codepage,7842,17,Hall of Valhalla,ヴァルハラ宮殿,,duplicate
648,333,codepage,7859,17,Hall of Valhalla,ヴァルハラ宮殿,,duplicate
648,334,codepage,7876,17,Hall of Valhalla,ヴァルハラ宮殿,,duplicate
648,335,codepage,7893,17,Hall of Valhalla,ヴァルハラ宮殿,,duplicate
648,336,codepage,7910,17,Hall of Valhalla,ヴァルハラ宮殿,,duplicate
648,337,codepage,7927,17,Hall of Valhalla,ヴァルハラ宮殿,,duplicate
648,338,codepage,7944,17,Hall of Valhalla,ヴァルハラ宮殿,,duplicate
648,339,codepage,7961,17,Hall of Valhalla,ヴァルハラ宮殿,,duplicate
648,340,codepage,7978,17,Hall of Valhalla,ヴァルハラ宮殿,,duplicate
648,341,codepage,7995,17,Hall of Valhalla,ヴァルハラ宮殿,,duplicate
648,342,codepage,8012,17,Hall of Valhalla,ヴァルハラ宮殿,,duplicate
648,343,codepage,8029,17,Hall of Valhalla,ヴァルハラ宮殿,,duplicate
648,344,codepage,8046,17,Hall of Valhalla,ヴァルハラ宮殿,,duplicate
648,345,codepage,8063,17,Hall of Valhalla,ヴァルハラ宮殿,,duplicate
648,346,codepage,8080,17,Hall of Valhalla,ヴァルハラ宮殿,,duplicate
648,347,codepage,8097,17,Hall of Valhalla,ヴァルハラ宮殿,,duplicate
648,348,codepage,8114,17,Hall of Valhalla,ヴァルハラ宮殿,,duplicate
648,349,codepage,8131,17,Hall of Valhalla,ヴァルハラ宮殿,,duplicate
648,350,codepage,8148,17,Hall of Valhalla,ヴァルハラ宮殿,,duplicate
648,351,codepage,8165,17,Hall of Valhalla,ヴァルハラ宮殿,,duplicate
648,352,codepage,8182,17,Hall of Valhalla,ヴァルハラ宮殿,,duplicate
648,353,codepage,8199,17,Hall of Valhalla,ヴァルハラ宮殿,,duplicate
648,354,codepage,8216,17,Hall of Valhalla,ヴァルハラ宮殿,,duplicate
648,355,codepage,8233,17,Hall of Valhalla,ヴァルハラ宮殿,,duplicate
648,356,codepage,8250,17,Hall of Valhalla,ヴァルハラ宮殿,,duplicate
648,357,codepage,8267,17,Hall of Valhalla,ヴァルハラ宮殿,,duplicate
648,358,codepage,8284,17,Hall of Valhalla,ヴァルハラ宮殿,,duplicate
648,359,codepage,8301,17,Hall of Valhalla,ヴァルハラ宮殿,,duplicate
648,360,codepage,8318,15,Ancient Forest,蒼枯の森,,duplicate
648,361,codepage,8333,15,Ancient Forest,蒼枯の森,,duplicate
648,362,codepage,8348,15,Ancient Forest,蒼枯の森,,duplicate
648,363,codepage,8363,15,Ancient Forest,蒼枯の森,,duplicate
648,364,codepage,8378,15,Ancient Forest,蒼枯の森,,duplicate
648,365,codepage,8393,15,Ancient Forest,蒼枯の森,,duplicate
648,366,codepage,8408,15,Ancient Forest,蒼枯の森,,duplicate
648,367,codepage,8423,15,Ancient Forest,蒼枯の森,,duplicate
648,368,codepage,8438,15,Ancient Forest,蒼枯の森,,duplicate
648,369,codepage,8453,15,Ancient Forest,蒼枯の森,,duplicate
648,370,codepage,8468,15,Ancient Forest,蒼枯の森,,duplicate
648,371,codepage,8483,15,Ancient Forest,蒼枯の森,,duplicate
648,372,codepage,8498,15,Ancient Forest,蒼枯の森,,duplicate
648,373,codepage,8513,18,Chateau Obsession,昏き妄執の館,,duplicate
648,374,codepage,8531,18,Chateau Obsession,昏き妄執の館,,duplicate
648,375,codepage,8549,18,Chateau Obsession,昏き妄執の館,,duplicate
648,376,codepage,8567,18,Chateau Obsession,昏き妄執の館,,duplicate
648,377,codepage,8585,18,Chateau Obsession,昏き妄執の館,,duplicate
648,378,codepage,8603,18,Chateau Obsession,昏き妄執の館,,duplicate
648,379,codepage,8621,18,Chateau Obsession,昏き妄執の館,,duplicate
648,380,codepage,8639,18,Chateau Obsession,昏き妄執の館,,duplicate
648,381,codepage,8657,18,Chateau Obsession,昏き妄執の館,,duplicate
648,382,codepage,8675,12,Turgen Mine,トゥルゲン鉱山,,duplicate
648,383,codepage,8687,12,Turgen Mine,トゥルゲン鉱山,,duplicate
648,384,codepage,8699,12,Turgen Mine,トゥルゲン鉱山,,duplicate
648,385,codepage,8711,12,Turgen Mine,トゥルゲン鉱山,,duplicate
648,386,codepage,8723,12,Turgen Mine,トゥルゲン鉱山,,duplicate
648,387,codepage,8735,12,Turgen Mine,トゥルゲン鉱山,,duplicate
648,388,codepage,8747,12,Turgen Mine,トゥルゲン鉱山,,primary
648,389,codepage,8759,12,Turgen Mine,トゥルゲン鉱山,,duplicate
648,390,codepage,8771,15,Ravine Caverns,狭間の洞窟,,duplicate
648,391,codepage,8786,15,Ravine Caverns,狭間の洞窟,,duplicate
648,392,codepage,8801,15,Ravine Caverns,狭間の洞窟,,duplicate
648,393,codepage,8816,15,Ravine Caverns,狭間の洞窟,,duplicate
648,394,codepage,8831,15,Ravine Caverns,狭間の洞窟,,duplicate
648,395,codepage,8846,15,Ravine Caverns,狭間の洞窟,,duplicate
648,396,codepage,8861,15,Ravine Caverns,狭間の洞窟,,duplicate
648,397,codepage,8876,15,Ravine Caverns,狭間の洞窟,,duplicate
648,398,codepage,8891,15,Ravine Caverns,狭間の洞窟,,duplicate
648,399,codepage,8906,15,Ravine Caverns,狭間の洞窟,,duplicate
648,400,codepage,8921,15,Ravine Caverns,狭間の洞窟,,duplicate
648,401,codepage,8936,15,Ravine Caverns,狭間の洞窟,,duplicate
648,402,codepage,8951,15,Ravine Caverns,狭間の洞窟,,duplicate
648,403,codepage,8966,15,Ravine Caverns,狭間の洞窟,,duplicate
648,404,codepage,8981,15,Ravine Caverns,狭間の洞窟,,duplicate
648,405,codepage,8996,15,Ravine Caverns,狭間の洞窟,,duplicate
648,406,codepage,9011,15,Ravine Caverns,狭間の洞窟,,duplicate
648,407,codepage,9026,15,Ravine Caverns,狭間の洞窟,,duplicate
648,408,codepage,9041,15,Ravine Caverns,狭間の洞窟,,duplicate
648,409,codepage,9056,15,Ravine Caverns,狭間の洞窟,,duplicate
648,410,codepage,9071,15,Ravine Caverns,狭間の洞窟,,duplicate
648,411,codepage,9086,15,Ravine Caverns,狭間の洞窟,,duplicate
648,412,codepage,9101,15,Ravine Caverns,狭間の洞窟,,duplicate
648,413,codepage,9116,15,Ravine Caverns,狭間の洞窟,,duplicate
648,414,codepage,9131,15,Ravine Caverns,狭間の洞窟,,duplicate
648,415,codepage,9146,15,Ravine Caverns,狭間の洞窟,,duplicate
648,416,codepage,9161,15,Ravine Caverns,狭間の洞窟,,duplicate
648,417,codepage,9176,15,Ravine Caverns,狭間の洞窟,,duplicate
648,418,codepage,9191,15,Ravine Caverns,狭間の洞窟,,duplicate
648,419,codepage,9206,15,Ravine Caverns,狭間の洞窟,,duplicate
648,420,codepage,9221,15,Ravine Caverns,狭間の洞窟,,duplicate
648,421,codepage,9236,15,Ravine Caverns,狭間の洞窟,,duplicate
648,422,codepage,9251,15,Ravine Caverns,狭間の洞窟,,duplicate
648,423,codepage,9266,10,Yggdrasil,ユグドラシル,,duplicate
648,424,codepage,9276,10,Yggdrasil,ユグドラシル,,duplicate
648,425,codepage,9286,10,Yggdrasil,ユグドラシル,,duplicate
648,426,codepage,9296,10,Yggdrasil,ユグドラシル,,duplicate
648,427,codepage,9306,10,Yggdrasil,ユグドラシル,,duplicate
648,428,codepage,9316,10,Yggdrasil,ユグドラシル,,duplicate
648,429,codepage,9326,10,Yggdrasil,ユグドラシル,,duplicate
648,430,codepage,9336,10,Yggdrasil,ユグドラシル,,duplicate
648,431,codepage,9346,10,Yggdrasil,ユグドラシル,,duplicate
648,432,codepage,9356,10,Yggdrasil,ユグドラシル,,duplicate
648,433,codepage,9366,10,Yggdrasil,ユグドラシル,,duplicate
648,434,codepage,9376,10,Yggdrasil,ユグドラシル,,duplicate
648,435,codepage,9386,10,Yggdrasil,ユグドラシル,,duplicate
648,436,codepage,9396,10,Yggdrasil,ユグドラシル,,duplicate
648,437,codepage,9406,10,Yggdrasil,ユグドラシル,,duplicate
648,438,codepage,9416,10,Yggdrasil,ユグドラシル,,duplicate
648,439,codepage,9426,10,Yggdrasil,ユグドラシル,,duplicate
648,440,codepage,9436,10,Yggdrasil,ユグドラシル,,duplicate
648,441,codepage,9446,10,Yggdrasil,ユグドラシル,,duplicate
648,442,codepage,9456,10,Yggdrasil,ユグドラシル,,duplicate
648,443,codepage,9466,10,Yggdrasil,ユグドラシル,,duplicate
648,444,codepage,9476,10,Yggdrasil,ユグドラシル,,duplicate
648,445,codepage,9486,10,Yggdrasil,ユグドラシル,,duplicate
648,446,codepage,9496,10,Yggdrasil,ユグドラシル,,duplicate
648,447,codepage,9506,10,Yggdrasil,ユグドラシル,,duplicate
648,448,codepage,9516,10,Yggdrasil,ユグドラシル,,duplicate
648,449,codepage,9526,10,Yggdrasil,ユグドラシル,,duplicate
648,450,codepage,9536,10,Yggdrasil,ユグドラシル,,duplicate
648,451,codepage,9546,10,Yggdrasil,ユグドラシル,,duplicate
648,452,codepage,9556,10,Yggdrasil,ユグドラシル,,duplicate
648,453,codepage,9566,23,Tower of Lezard Valeth,レザード・ヴァレスの塔,,duplicate
648,454,codepage,9589,23,Tower of Lezard Valeth,レザード・ヴァレスの塔,,duplicate
648,455,codepage,9612,23,Tower of Lezard Valeth,レザード・ヴァレスの塔,,duplicate
648,456,codepage,9635,23,Tower of Lezard Valeth,レザード・ヴァレスの塔,,duplicate
648,457,codepage,9658,23,Tower of Lezard Valeth,レザード・ヴァレスの塔,,duplicate
648,458,codepage,9681,23,Tower of Lezard Valeth,レザード・ヴァレスの塔,,duplicate
648,459,codepage,9704,23,Tower of Lezard Valeth,レザード・ヴァレスの塔,,duplicate
648,460,codepage,9727,23,Tower of Lezard Valeth,レザード・ヴァレスの塔,,duplicate
648,461,codepage,9750,23,Tower of Lezard Valeth,レザード・ヴァレスの塔,,duplicate
648,462,codepage,9773,23,Tower of Lezard Valeth,レザード・ヴァレスの塔,,duplicate
648,463,codepage,9796,23,Tower of Lezard Valeth,レザード・ヴァレスの塔,,duplicate
648,464,codepage,9819,23,Tower of Lezard Valeth,レザード・ヴァレスの塔,,duplicate
648,465,codepage,9842,23,Tower of Lezard Valeth,レザード・ヴァレスの塔,,duplicate
648,466,codepage,9865,23,Tower of Lezard Valeth,レザード・ヴァレスの塔,,duplicate
648,467,codepage,9888,23,Tower of Lezard Valeth,レザード・ヴァレスの塔,,duplicate
648,468,codepage,9911,23,Tower of Lezard Valeth,レザード・ヴァレスの塔,,duplicate
648,469,codepage,9934,23,Tower of Lezard Valeth,レザード・ヴァレスの塔,,duplicate
648,470,codepage,9957,23,Tower of Lezard Valeth,レザード・ヴァレスの塔,,duplicate
648,471,codepage,9980,23,Tower of Lezard Valeth,レザード・ヴァレスの塔,,duplicate
648,472,codepage,10003,23,Tower of Lezard Valeth,レザード・ヴァレスの塔,,duplicate
648,473,codepage,10026,23,Tower of Lezard Valeth,レザード・ヴァレスの塔,,duplicate
648,474,codepage,10049,23,Tower of Lezard Valeth,レザード・ヴァレスの塔,,duplicate
648,475,codepage,10072,23,Tower of Lezard Valeth,レザード・ヴァレスの塔,,duplicate
648,476,codepage,10095,23,Tower of Lezard Valeth,レザード・ヴァレスの塔,,duplicate
648,477,codepage,10118,23,Tower of Lezard Valeth,レザード・ヴァレスの塔,,duplicate
648,478,codepage,10141,23,Tower of Lezard Valeth,レザード・ヴァレスの塔,,duplicate
648,479,codepage,10164,23,Tower of Lezard Valeth,レザード・ヴァレスの塔,,duplicate
648,480,codepage,10187,14,Seraphic Gate,セラフィックゲート,,primary
648,481,codepage,10201,14,Seraphic Gate,セラフィックゲート,,primary
648,482,codepage,10215,14,Seraphic Gate,セラフィックゲート,,duplicate
648,483,codepage,10229,14,Seraphic Gate,セラフィックゲート,,duplicate
648,484,codepage,10243,14,Seraphic Gate,セラフィックゲート,,duplicate
648,485,codepage,10257,14,Seraphic Gate,セラフィックゲート,,duplicate
648,486,codepage,10271,14,Seraphic Gate,セラフィックゲート,,duplicate
648,487,codepage,10285,14,Seraphic Gate,セラフィックゲート,,duplicate
648,488,codepage,10299,14,Seraphic Gate,セラフィックゲート,,duplicate
648,489,codepage,10313,14,Seraphic Gate,セラフィックゲート,,duplicate
648,490,codepage,10327,14,Seraphic Gate,セラフィックゲート,,duplicate
648,491,codepage,10341,14,Seraphic Gate,セラフィックゲート,,duplicate
648,492,codepage,10355,14,Seraphic Gate,セラフィックゲート,,duplicate
648,493,codepage,10369,14,Seraphic Gate,セラフィックゲート,,duplicate
648,494,codepage,10383,14,Seraphic Gate,セラフィックゲート,,duplicate
648,495,codepage,10397,14,Seraphic Gate,セラフィックゲート,,duplicate
648,496,codepage,10411,14,Seraphic Gate,セラフィックゲート,,duplicate
648,497,codepage,10425,14,Seraphic Gate,セラフィックゲート,,duplicate
648,498,codepage,10439,14,Seraphic Gate,セラフィックゲート,,duplicate
648,499,codepage,10453,14,Seraphic Gate,セラフィックゲート,,duplicate
648,500,codepage,10467,14,Seraphic Gate,セラフィックゲート,,duplicate
648,501,codepage,10481,14,Seraphic Gate,セラフィックゲート,,duplicate
648,502,codepage,10495,14,Seraphic Gate,セラフィックゲート,,duplicate
648,503,codepage,10509,14,Seraphic Gate,セラフィックゲート,,duplicate
648,504,codepage,10523,14,Seraphic Gate,セラフィックゲート,,duplicate
648,505,codepage,10537,14,Seraphic Gate,セラフィックゲート,,duplicate
648,506,codepage,10551,14,Seraphic Gate,セラフィックゲート,,duplicate
648,507,codepage,10565,14,Seraphic Gate,セラフィックゲート,,duplicate
648,508,codepage,10579,14,Seraphic Gate,セラフィックゲート,,duplicate
648,509,codepage,10593,14,Seraphic Gate,セラフィックゲート,,duplicate
648,510,codepage,10607,14,Seraphic Gate,セラフィックゲート,,duplicate
648,511,codepage,10621,14,Seraphic Gate,セラフィックゲート,,duplicate
648,512,codepage,10635,14,Seraphic Gate,セラフィックゲート,,duplicate
648,513,codepage,10649,14,Seraphic Gate,セラフィックゲート,,duplicate
648,514,codepage,10663,14,Seraphic Gate,セラフィックゲート,,duplicate
648,515,codepage,10677,14,Seraphic Gate,セラフィックゲート,,duplicate
648,516,codepage,10691,14,Seraphic Gate,セラフィックゲート,,duplicate
648,517,codepage,10705,14,Seraphic Gate,セラフィックゲート,,duplicate
648,518,codepage,10719,14,Seraphic Gate,セラフィックゲート,,duplicate
648,519,codepage,10733,14,Seraphic Gate,セラフィックゲート,,duplicate
648,520,codepage,10747,14,Seraphic Gate,セラフィックゲート,,duplicate
648,521,codepage,10761,14,Seraphic Gate,セラフィックゲート,,duplicate
648,522,codepage,10775,14,Seraphic Gate,セラフィックゲート,,duplicate
648,523,codepage,10789,14,Seraphic Gate,セラフィックゲート,,duplicate
648,524,codepage,10803,14,Seraphic Gate,セラフィックゲート,,duplicate
648,525,codepage,10817,14,Seraphic Gate,セラフィックゲート,,duplicate
648,526,codepage,10831,14,Seraphic Gate,セラフィックゲート,,duplicate
648,527,codepage,10845,14,Seraphic Gate,セラフィックゲート,,duplicate
648,528,codepage,10859,14,Seraphic Gate,セラフィックゲート,,duplicate
648,529,codepage,10873,14,Seraphic Gate,セラフィックゲート,,duplicate
648,530,codepage,10887,14,Seraphic Gate,セラフィックゲート,,duplicate
648,531,codepage,10901,14,Seraphic Gate,セラフィックゲート,,duplicate
648,532,codepage,10915,14,Seraphic Gate,セラフィックゲート,,duplicate
648,533,codepage,10929,14,Seraphic Gate,セラフィックゲート,,duplicate
648,534,codepage,10943,14,Seraphic Gate,セラフィックゲート,,duplicate
648,535,codepage,10957,14,Seraphic Gate,セラフィックゲート,,duplicate
648,536,codepage,10971,14,Seraphic Gate,セラフィックゲート,,duplicate
648,537,codepage,10985,14,Seraphic Gate,セラフィックゲート,,duplicate
648,538,codepage,10999,14,Seraphic Gate,セラフィックゲート,,duplicate
648,539,codepage,11013,14,Seraphic Gate,セラフィックゲート,,duplicate
648,540,codepage,11027,14,Seraphic Gate,セラフィックゲート,,duplicate
648,541,codepage,11041,14,Seraphic Gate,セラフィックゲート,,duplicate
648,542,codepage,11055,14,Seraphic Gate,セラフィックゲート,,duplicate
648,543,codepage,11069,14,Seraphic Gate,セラフィックゲート,,duplicate
648,544,codepage,11083,14,Seraphic Gate,セラフィックゲート,,duplicate
648,545,codepage,11097,14,Seraphic Gate,セラフィックゲート,,duplicate
648,546,codepage,11111,14,Seraphic Gate,セラフィックゲート,,duplicate
648,547,codepage,11125,14,Seraphic Gate,セラフィックゲート,,duplicate
648,548,codepage,11139,13,Sahma Desert,サーマ砂漠,,duplicate
648,549,codepage,11152,13,Sahma Desert,サーマ砂漠,,duplicate
648,550,codepage,11165,13,Sahma Desert,サーマ砂漠,,duplicate
648,551,codepage,11178,13,Sahma Desert,サーマ砂漠,,duplicate
648,552,codepage,11191,15,Kythena Plains,キセナ草原,,duplicate
648,553,codepage,11206,15,Kythena Plains,キセナ草原,,duplicate
648,554,codepage,11221,15,Kythena Plains,キセナ草原,,duplicate
648,555,codepage,11236,15,Kythena Plains,キセナ草原,,duplicate
648,556,codepage,11251,7,Asgard,アスガルド,,duplicate
648,557,codepage,11258,7,Asgard,アスガルド,,duplicate
648,558,codepage,11265,7,Asgard,アスガルド,,duplicate
648,559,codepage,11272,7,Asgard,アスガルド,,duplicate
648,560,codepage,11279,13,Dragonscrypt,竜の墓場,,duplicate
648,561,codepage,11292,13,Dragonscrypt,竜の墓場,,duplicate
648,562,codepage,11305,13,Dragonscrypt,竜の墓場,,duplicate
648,563,codepage,11318,13,Dragonscrypt,竜の墓場,,duplicate
648,564,codepage,11331,14,Sukavia Gorge,スカビア渓谷,,duplicate
648,565,codepage,11345,14,Sukavia Gorge,スカビア渓谷,,duplicate
648,566,codepage,11359,14,Sukavia Gorge,スカビア渓谷,,duplicate
648,567,codepage,11373,14,Sukavia Gorge,スカビア渓谷,,duplicate
648,568,codepage,11387,14,Sukavia Gorge,スカビア渓谷,,duplicate
648,569,codepage,11401,14,Sukavia Gorge,スカビア渓谷,,duplicate
648,570,codepage,11415,10,EVENT_MAP,イベントマップ,,primary
648,571,codepage,11425,10,EVENT_MAP,イベントマップ,,primary
648,572,codepage,11435,10,EVENT_MAP,イベントマップ,,primary
648,573,codepage,11445,10,EVENT_MAP,イベントマップ,,primary
648,574,codepage,11455,10,EVENT_MAP,イベントマップ,,primary
648,575,codepage,11465,10,EVENT_MAP,イベントマップ,,primary
648,576,codepage,11475,10,EVENT_MAP,イベントマップ,,primary
648,577,codepage,11485,10,EVENT_MAP,イベントマップ,,primary
648,578,codepage,11495,10,EVENT_MAP,イベントマップ,,primary
648,579,codepage,11505,10,EVENT_MAP,イベントマップ,,primary
648,580,codepage,11515,10,EVENT_MAP,イベントマップ,,primary
648,581,codepage,11525,10,EVENT_MAP,イベントマップ,,primary
648,582,codepage,11535,10,EVENT_MAP,イベントマップ,,primary
648,583,codepage,11545,10,EVENT_MAP,イベントマップ,,primary
648,584,codepage,11555,10,EVENT_MAP,イベントマップ,,primary
648,585,codepage,11565,10,EVENT_MAP,イベントマップ,,primary
648,586,codepage,11575,10,EVENT_MAP,イベントマップ,,primary
648,587,codepage,11585,10,EVENT_MAP,イベントマップ,,primary
648,588,codepage,11595,10,EVENT_MAP,イベントマップ,,primary
648,589,codepage,11605,10,EVENT_MAP,イベントマップ,,primary
648,590,codepage,11615,10,EVENT_MAP,イベントマップ,,primary
648,591,codepage,11625,10,EVENT_MAP,イベントマップ,,primary
648,592,codepage,11635,10,EVENT_MAP,イベントマップ,,primary
648,593,codepage,11645,10,EVENT_MAP,イベントマップ,,primary
648,594,codepage,11655,10,EVENT_MAP,イベントマップ,,primary
648,595,codepage,11665,10,EVENT_MAP,イベントマップ,,primary
648,596,codepage,11675,10,EVENT_MAP,イベントマップ,,primary
648,597,codepage,11685,10,EVENT_MAP,イベントマップ,,primary
648,598,codepage,11695,10,EVENT_MAP,イベントマップ,,primary
648,599,codepage,11705,10,EVENT_MAP,イベントマップ,,primary
648,600,codepage,11715,10,EVENT_MAP,イベントマップ,,primary
648,601,codepage,11725,10,EVENT_MAP,イベントマップ,,primary
648,602,codepage,11735,10,EVENT_MAP,イベントマップ,,primary
648,603,codepage,11745,10,EVENT_MAP,イベントマップ,,duplicate
648,604,codepage,11755,10,EVENT_MAP,イベントマップ,,duplicate
648,605,codepage,11765,10,EVENT_MAP,イベントマップ,,duplicate
648,606,codepage,11775,10,EVENT_MAP,イベントマップ,,duplicate
648,607,codepage,11785,10,EVENT_MAP,イベントマップ,,duplicate
648,608,codepage,11795,10,EVENT_MAP,イベントマップ,,duplicate
648,609,codepage,11805,10,EVENT_MAP,イベントマップ,,duplicate
648,610,codepage,11815,10,EVENT_MAP,イベントマップ,,duplicate
648,611,codepage,11825,10,EVENT_MAP,イベントマップ,,duplicate
648,612,codepage,11835,10,EVENT_MAP,イベントマップ,,duplicate
648,613,codepage,11845,10,EVENT_MAP,イベントマップ,,duplicate
648,614,codepage,11855,10,EVENT_MAP,イベントマップ,,duplicate
648,615,codepage,11865,10,EVENT_MAP,イベントマップ,,duplicate
648,616,codepage,11875,10,EVENT_MAP,イベントマップ,,duplicate
648,617,codepage,11885,10,EVENT_MAP,イベントマップ,,duplicate
648,618,codepage,11895,10,EVENT_MAP,イベントマップ,,duplicate
648,619,codepage,11905,10,EVENT_MAP,イベントマップ,,duplicate
648,620,codepage,11915,10,EVENT_MAP,イベントマップ,,duplicate
648,621,codepage,11925,10,EVENT_MAP,イベントマップ,,duplicate
648,622,codepage,11935,10,EVENT_MAP,イベントマップ,,duplicate
648,623,codepage,11945,10,EVENT_MAP,イベントマップ,,duplicate
648,624,codepage,11955,10,EVENT_MAP,イベントマップ,,duplicate
648,625,codepage,11965,10,EVENT_MAP,イベントマップ,,duplicate
648,626,codepage,11975,10,EVENT_MAP,イベントマップ,,duplicate
648,627,codepage,11985,10,EVENT_MAP,イベントマップ,,duplicate
648,628,codepage,11995,10,EVENT_MAP,イベントマップ,,duplicate
648,629,codepage,12005,10,EVENT_MAP,イベントマップ,,duplicate
648,630,codepage,12015,10,EVENT_MAP,イベントマップ,,duplicate
648,631,codepage,12025,10,EVENT_MAP,イベントマップ,,duplicate
648,632,codepage,12035,10,EVENT_MAP,イベントマップ,,duplicate
648,633,codepage,12045,10,EVENT_MAP,イベントマップ,,duplicate
648,634,codepage,12055,10,EVENT_MAP,イベントマップ,,duplicate
648,635,codepage,12065,10,EVENT_MAP,イベントマップ,,duplicate
648,636,codepage,12075,10,EVENT_MAP,イベントマップ,,duplicate
648,637,codepage,12085,10,EVENT_MAP,イベントマップ,,duplicate
648,638,codepage,12095,10,EVENT_MAP,イベントマップ,,duplicate
648,639,codepage,12105,10,EVENT_MAP,イベントマップ,,duplicate
648,640,codepage,12115,10,EVENT_MAP,イベントマップ,,duplicate
648,641,codepage,12125,10,EVENT_MAP,イベントマップ,,duplicate
648,642,codepage,12135,10,EVENT_MAP,イベントマップ,,duplicate
648,643,codepage,12145,10,EVENT_MAP,イベントマップ,,duplicate
648,644,codepage,12155,10,EVENT_MAP,イベントマップ,,duplicate
648,645,codepage,12165,10,EVENT_MAP,イベントマップ,,duplicate
648,646,codepage,12175,10,EVENT_MAP,イベントマップ,,duplicate
648,647,codepage,12185,10,EVENT_MAP,イベントマップ,,duplicate
648,648,codepage,12195,10,EVENT_MAP,イベントマップ,,duplicate
648,649,codepage,12205,10,EVENT_MAP,イベントマップ,,duplicate
648,650,codepage,12215,10,EVENT_MAP,イベントマップ,,duplicate
648,651,codepage,12225,10,EVENT_MAP,イベントマップ,,duplicate
648,652,codepage,12235,10,EVENT_MAP,イベントマップ,,duplicate
648,653,codepage,12245,10,EVENT_MAP,イベントマップ,,duplicate
648,654,codepage,12255,10,EVENT_MAP,イベントマップ,,duplicate
648,655,codepage,12265,10,EVENT_MAP,イベントマップ,,duplicate
648,656,codepage,12275,10,EVENT_MAP,イベントマップ,,duplicate
648,657,codepage,12285,10,EVENT_MAP,イベントマップ,,duplicate
648,658,codepage,12295,10,EVENT_MAP,イベントマップ,,duplicate
648,659,codepage,12305,10,EVENT_MAP,イベントマップ,,duplicate
648,660,codepage,12315,10,EVENT_MAP,イベントマップ,,duplicate
648,661,codepage,12325,10,EVENT_MAP,イベントマップ,,duplicate
648,662,codepage,12335,10,EVENT_MAP,イベントマップ,,duplicate
648,663,codepage,12345,10,EVENT_MAP,イベントマップ,,duplicate
648,664,codepage,12355,10,EVENT_MAP,イベントマップ,,duplicate
648,665,codepage,12365,10,EVENT_MAP,イベントマップ,,duplicate
648,666,codepage,12375,10,EVENT_MAP,イベントマップ,,duplicate
648,667,codepage,12385,10,EVENT_MAP,イベントマップ,,duplicate
648,668,codepage,12395,10,EVENT_MAP,イベントマップ,,duplicate
648,669,codepage,12405,11,Sound Mode,サウンド・モード,,duplicate
648,670,codepage,12416,10,CHECK_MAP,チェック用マップ,,duplicate
648,671,codepage,12426,10,CHECK_MAP,チェック用マップ,,duplicate
648,672,codepage,12436,9,D_PUZZLE,光子パズル（設計図）,,duplicate
648,673,codepage,12445,9,D_PUZZLE,光子パズル（設計図）,,duplicate
648,674,codepage,12454,9,D_PUZZLE,光子パズル（設計図）,,duplicate
648,675,codepage,12463,9,D_PUZZLE,光子パズル（設計図）,,duplicate
648,676,codepage,12472,9,D_PUZZLE,光子パズル（設計図）,,duplicate
648,677,codepage,12481,9,D_PUZZLE,光子パズル（設計図）,,duplicate
648,678,codepage,12490,9,D_PUZZLE,光子パズル（設計図）,,duplicate
648,679,codepage,12499,9,D_PUZZLE,光子パズル（設計図）,,duplicate
648,680,codepage,12508,9,D_PUZZLE,光子パズル（設計図）,,duplicate
648,681,codepage,12517,9,D_PUZZLE,光子パズル（設計図）,,duplicate
648,682,codepage,12526,9,D_PUZZLE,光子パズル（設計図）,,duplicate
648,683,codepage,12535,9,D_PUZZLE,光子パズル（設計図）,,duplicate
648,684,codepage,12544,9,D_PUZZLE,光子パズル（設計図）,,duplicate
648,685,codepage,12553,9,D_PUZZLE,光子パズル（設計図）,,duplicate
648,686,codepage,12562,9,D_PUZZLE,光子パズル（設計図）,,duplicate
648,687,codepage,12571,9,D_PUZZLE,光子パズル（設計図）,,duplicate
648,688,codepage,12580,9,D_PUZZLE,光子パズル（設計図）,,duplicate
648,689,codepage,12589,12,D_TUTORIAL1,封印石チュートリアル（設計図）,,duplicate
648,690,codepage,12601,12,D_TUTORIAL1,封印石チュートリアル（設計図）,,duplicate
648,691,codepage,12613,12,D_TUTORIAL1,封印石チュートリアル（設計図）,,duplicate
648,692,codepage,12625,12,D_TUTORIAL1,封印石チュートリアル（設計図）,,duplicate
648,693,codepage,12637,12,D_TUTORIAL1,封印石チュートリアル（設計図）,,duplicate
648,694,codepage,12649,12,D_TUTORIAL1,封印石チュートリアル（設計図）,,duplicate
648,695,codepage,12661,12,D_TUTORIAL1,封印石チュートリアル（設計図）,,duplicate
648,696,codepage,12673,12,D_TUTORIAL1,封印石チュートリアル（設計図）,,duplicate
648,697,codepage,12685,12,D_TUTORIAL1,封印石チュートリアル（設計図）,,duplicate
648,698,codepage,12697,12,D_TUTORIAL1,封印石チュートリアル（設計図）,,duplicate
648,699,codepage,12709,12,D_TUTORIAL1,封印石チュートリアル（設計図）,,duplicate
648,700,codepage,12721,12,D_TUTORIAL1,封印石チュートリアル（設計図）,,duplicate
648,701,codepage,12733,12,D_TUTORIAL1,封印石チュートリアル（設計図）,,duplicate
648,702,codepage,12745,12,D_TUTORIAL1,封印石チュートリアル（設計図）,,duplicate
648,703,codepage,12757,12,D_TUTORIAL1,封印石チュートリアル（設計図）,,duplicate
648,704,codepage,12769,12,D_TUTORIAL1,封印石チュートリアル（設計図）,,duplicate
648,705,codepage,12781,12,D_TUTORIAL1,封印石チュートリアル（設計図）,,duplicate
648,706,codepage,12793,12,D_TUTORIAL1,封印石チュートリアル（設計図）,,duplicate
648,707,codepage,12805,12,D_TUTORIAL1,封印石チュートリアル（設計図）,,duplicate
648,708,codepage,12817,12,D_TUTORIAL1,封印石チュートリアル（設計図）,,duplicate
648,709,codepage,12829,12,D_TUTORIAL1,封印石チュートリアル（設計図）,,duplicate
648,710,codepage,12841,10,DEBUG_MAP,デバッグ用マップ,,duplicate
648,711,codepage,12851,10,DEBUG_MAP,デバッグ用マップ,,duplicate
648,712,codepage,12861,8,SCEBOOT,起動用マップ,,duplicate
648,714,codepage,12870,14,Gold Blessing,金の加護,,duplicate
648,715,codepage,12884,18,Treasure Blessing,宝の加護,,duplicate
648,716,codepage,12902,13,Gem Blessing,〓石の加護,,duplicate
648,717,codepage,12915,19,Experience Pig Law,経験を〓る〓の理,,duplicate
648,718,codepage,12934,17,Gold Grubber Law,金を食らう虫の理,,duplicate
648,719,codepage,12951,22,Experience Friend Law,経験を供す友の理,,duplicate
648,720,codepage,12973,23,Dancing Light Blessing,光跳の加護,,duplicate
648,721,codepage,12996,23,Magical Light Blessing,光呪の加護,,duplicate
648,722,codepage,13019,21,Burst Light Blessing,光散の加護,,duplicate
648,723,codepage,13040,15,Alarm Blessing,早〓の加護,,duplicate
648,724,codepage,13055,19,Black Anchor Wrath,重き黒〓の戒,,duplicate
648,725,codepage,13074,18,Cotton Dust Wrath,軽き〓〓の戒,,duplicate
648,726,codepage,13092,20,Powerless Cap Wrath,無力な〓〓子の戒,,duplicate
648,727,codepage,13112,14,Fire Blessing,炎の加護,,duplicate
648,728,codepage,13126,13,Ice Blessing,氷の加護,,duplicate
648,729,codepage,13139,15,Earth Blessing,土の加護,,duplicate
648,730,codepage,13154,19,Lightning Blessing,雷の加護,,duplicate
648,731,codepage,13173,14,Brimstone Law,業炎の理,,duplicate
648,732,codepage,13187,12,Iceberg Law,氷塊の理,,duplicate
648,733,codepage,13199,12,Mudbank Law,〓土の理,,duplicate
648,734,codepage,13211,17,Thundercloud Law,雷〓の理,,duplicate
648,735,codepage,13228,15,Holy Light Law,聖光の理,,duplicate
648,736,codepage,13243,15,Dark Night Law,闇夜の理,,duplicate
648,737,codepage,13258,15,Achromatic Law,色無しの理,,duplicate
648,739,codepage,13274,12,Chasm Wrath,亀裂の戒,,duplicate
648,740,codepage,13286,16,Masochist Wrath,自虐の戒,,duplicate
648,741,codepage,13302,18,Soul-Carver Wrath,魂を〓る〓の戒,,duplicate
648,742,codepage,13320,17,Barrier Blessing,壁の加護,,duplicate
648,743,codepage,13337,19,Lifeforce Blessing,命精の加護,,duplicate
648,744,codepage,13356,22,Six Elements Blessing,〓〓の加護,,duplicate
648,745,codepage,13378,21,Wrath of Bread Alone,命のみ糧とする戒,,duplicate
648,746,codepage,13399,22,Wrath of Forcefulness,剣を〓とする戒,,duplicate
648,747,codepage,13421,19,Law of Consistency,常に常とする理,,duplicate
648,748,codepage,13440,22,Desperate Soldier Law,糧なき突撃兵の理,,duplicate
648,749,codepage,13462,10,Chaos Law,混〓の理,,duplicate
648,750,codepage,13472,17,Lawbreaker's Law,異法消しの理,,duplicate
648,751,codepage,13489,16,Elusive Air Law,敵を〓く虚空の理,,duplicate
648,752,codepage,13505,10,Trade Law,法を交わす道の理,,duplicate
648,753,codepage,13515,19,Yggdrasil Blessing,理〓ぐ大〓の加護,,duplicate
648,754,codepage,13534,23,Festive Light Blessing,多光跳の加護,,duplicate
648,755,codepage,13557,19,Somber Light Wrath,〓光跳の戒,,duplicate
648,756,codepage,13576,23,Powerless Pigeon Wrath,無力な伝書〓の戒,,duplicate
648,757,codepage,13599,10,Fog Wrath,霧の戒,,duplicate
648,758,codepage,13609,15,Sword Blessing,剣の加護,,duplicate
648,759,codepage,13624,16,Sharp Sword Law,鋭剣の理,,duplicate
648,760,codepage,13640,16,Shield Blessing,盾の加護,,duplicate
648,761,codepage,13656,17,Great Shield Law,大盾の理,,duplicate
648,762,codepage,13673,13,Ore Blessing,貴石の加護,,duplicate
648,763,codepage,13686,20,Poison Pin Blessing,毒針の加護,,duplicate
648,764,codepage,13706,20,Silent Pin Blessing,黙針の加護,,duplicate
648,765,codepage,13726,21,Confuse Pin Blessing,混針の加護,,duplicate
648,766,codepage,13747,22,Unprepared Castle Law,備えなき城の理,,duplicate
648,767,codepage,13769,14,Holy Blessing,聖の加護,,duplicate
648,768,codepage,13783,18,Darkness Blessing,闇の加護,,duplicate
648,769,codepage,13801,19,Stone Hurler Wrath,投石器の戒,,duplicate
648,770,codepage,13820,18,Sleipnir Blessing,〓足馬の加護,,duplicate
648,771,codepage,13838,16,Hunter Blessing,狩精の加護,,duplicate
648,772,codepage,13854,14,Fetters Wrath,足〓の戒,,duplicate
648,773,codepage,13868,15,Manacles Wrath,手〓の戒,,duplicate
648,774,codepage,13883,21,Sheathed Power Wrath,威を〓ぐ〓の戒,,duplicate
648,775,codepage,13904,19,Soul Wringer Wrath,魂を〓る〓力の戒,,duplicate
648,776,codepage,13923,20,Secluded Valley Law,〓谷の理,,duplicate
648,777,codepage,13943,19,Strongman Blessing,堅者の加護,,duplicate
648,779,codepage,13963,16,Transvestal Law,転性の理,,duplicate
648,780,codepage,13979,21,Paper Tiger Blessing,〓子の加護,,duplicate
648,781,codepage,14000,11,Rust Wrath,〓の戒,,duplicate
648,815,codepage,14044,73,"Activated after victory. Money
acquired increases to 150%
(when held).","戦闘勝利時に効果発生。
獲得金〓が.倍になる。
（所有時のみ有効）",,duplicate
648,816,codepage,14117,67,"Activated in battle. Extension Gauge
reduction slows (when held).","戦闘時に効果発生。
エクステンドゲージの減少速度が
〓くなる。
（所有時のみ有効）",,duplicate
648,817,codepage,14184,81,"Activated in battle. No purple and
bright gems, get items
instead (when held).","戦闘時に効果発生。
紫炎石と輝炎石が出なくなる。
代わりにアイテムが手に入る。
（所有時のみ有効）",,duplicate
648,818,codepage,14265,86,"Activated after victory. Experience
doubles, but money is not acquired
(when held).","戦闘勝利時に効果発生。
経験値が倍になる。
代わりに獲得金〓はゼロになる。
（所有時のみ有効）",,duplicate
648,819,codepage,14351,86,"Activated after victory. Money
triples, but experience is not
acquired (when held).","戦闘勝利時に効果発生。
獲得金〓が倍になる。
代わりに経験値はゼロになる。
（所有時のみ有効）",,duplicate
648,820,codepage,14437,93,"Activated after victory. Distributes
1/6 of experience to allies not
fighting (when held).","戦闘勝利時に効果発生。
戦闘に参加していないキャラクター
にも〓の経験値が〓り振られる。
（所有時のみ有効）",,duplicate
648,821,codepage,14530,74,"Activated in field. Photons reflected
four additional times (when held).","フィールド移動時に効果発生。
光子の反射回数が回増える。
（所有時のみ有効）",,duplicate
648,822,codepage,14604,73,"Activated in field. Photons can
break Yggdrasil's pillars (when
held).","フィールド移動時に効果発生。
ユグドラシルのピラーを、
光子を当てて破壊できる。
（所有時のみ有効）",,duplicate
648,823,codepage,14677,91,"Activated in field. Fire photons three
directions at once. No repeat firing
(when held).","フィールド移動時に効果発生。
光子を方向に同時発射する。
ただし連射はできない。
（所有時のみ有効）",,duplicate
648,824,codepage,14768,99,"Activated at fight start. Prevents
enemy ambush when held. When
used by enemies, assures ambush.","戦闘開始時に効果発生。
所持すれば不意打ちを回避できる。
逆に、この効果を持つ敵との戦闘は
必ず不意打ちになる。",,duplicate
648,825,codepage,14867,85,"Negates forced movement in field.
In battle, subject is thrown less
when launched.","フィールド移動時は、強制移動力を
無効化する。
戦闘時は、効果対〓者が攻撃を
受けた時の吹き飛び量を減少させる。",,duplicate
648,826,codepage,14952,87,"Increases forced movement in field.
In battle, subject is thrown more
when launched.","フィールド移動時は、強制移動力の
影響を増加する。
戦闘時は、効果対〓者が攻撃を
受けた時の吹き飛び量を増加させる。",,duplicate
648,827,codepage,15039,103,"Activated in field. Push up after
jump to glide. No items from
treasure chests or breaking
enemies.","フィールド移動時、ジャンプ中に
上を押すと、落下速度が低下する。
代わりに宝箱や戦闘時の部位破壊
によるアイテムを入手できない。",,duplicate
648,828,codepage,15142,94,"Activated in battle. Subject's fire
attack power upped to 150%. Ice
attack power is halved.","戦闘時に効果発生。
効果対〓者の炎属性攻撃の威力を
.倍にする。
ただし氷属性攻撃の威力は半減する。",,duplicate
648,829,codepage,15236,94,"Activated in battle. Subject's ice
attack power upped to 150%. Fire
attack power is halved.","戦闘時に効果発生。
効果対〓者の氷属性攻撃の威力を
.倍にする。
ただし炎属性攻撃の威力は半減する。",,duplicate
648,830,codepage,15330,101,"Activated in battle. Subject's earth
attack power upped to 150%.
Lightning attack power is halved.","戦闘時に効果発生。
効果対〓者の土属性攻撃の威力を
.倍にする。
ただし雷属性攻撃の威力は半減する。",,duplicate
648,831,codepage,15431,101,"Activated in battle. Subject's
lightning attack power upped to
150%. Earth attack power is halved.","戦闘時に効果発生。
効果対〓者の雷属性攻撃の威力を
.倍にする。
ただし土属性攻撃の威力は半減する。",,duplicate
648,832,codepage,15532,115,"Activated in battle. Subject's
physical attack becomes fire attack.
Absorbs fire, but loses all ice
resistance.","戦闘時に効果発生。効果対〓者の
物理攻撃を炎属性に変換する。
また、炎攻撃吸収を得る代わりに
氷耐性を失う。",,duplicate
648,833,codepage,15647,114,"Activated in battle. Subject's
physical attack becomes ice attack.
Absorbs ice, but loses all fire
resistance.","戦闘時に効果発生。効果対〓者の
物理攻撃を氷属性に変換する。
また、氷攻撃吸収を得る代わりに
炎耐性を失う。",,duplicate
648,834,codepage,15761,123,"Activated in battle. Subject's
physical attack becomes earth
attack. Absorbs earth, but loses all
lightning resistance.","戦闘時に効果発生。効果対〓者の
物理攻撃を土属性に変換する。
また、土攻撃吸収を得る代わりに
雷耐性を失う。",,duplicate
648,835,codepage,15884,127,"Activated in battle. Subject's
physical attack becomes lightning
attack. Absorbs lightning, but loses
all earth resistance.","戦闘時に効果発生。効果対〓者の
物理攻撃を雷属性に変換する。
また、雷攻撃吸収を得る代わりに
土耐性を失う。",,duplicate
648,836,codepage,16011,116,"Activated in battle. Subject's
physical attack becomes holy
attack. Absorbs holy, but loses all
dark resistance.","戦闘時に効果発生。効果対〓者の
物理攻撃を聖属性に変換する。
また、聖攻撃吸収を得る代わりに
闇耐性を失う。",,duplicate
648,837,codepage,16127,116,"Activated in battle. Subject's
physical attack becomes dark
attack. Absorbs dark, but loses all
holy resistance.","戦闘時に効果発生。効果対〓者の
物理攻撃を闇属性に変換する。
また、闇攻撃吸収を得る代わりに
聖耐性を失う。",,duplicate
648,838,codepage,16243,77,"Activated in battle. Reduces
subject's resistance to all elements
to zero.","戦闘時に効果発生。
効果対〓者の属性抵抗をゼロにする。",,duplicate
648,840,codepage,16321,60,"Activated in battle. Subject's RDM
and RST reduced to 1/2.","戦闘時に効果発生。
効果対〓者のRDMとRSTを
〓に減少させる。",,duplicate
648,841,codepage,16381,78,"Activated in battle. Portion of
attack damage is reflected back
at subject.","戦闘時に効果発生。
攻撃時に与えたダメージの一部が
効果対〓者に跳ね返る。",,duplicate
648,842,codepage,16459,97,"Activated in battle. Subject suffers
damage periodically. Damage
suffered decreases over time.","戦闘時に効果発生。
効果対〓者は定期的にダメージを
受け続ける。
このダメージは少しずつ小さくなる。",,duplicate
648,843,codepage,16556,63,"Activated in battle. Damage less
than 50 points is nullified.","戦闘時に効果発生。
効果対〓者が受けた以下の
ダメージを無効化する。",,duplicate
648,844,codepage,16619,85,"Activated in battle. HP recovery
doubles when subject is healed by
items or magic.","戦闘時に効果発生。
効果対〓者がアイテム・魔法〓で
HPを回復する時、回復量を倍に
する。",,duplicate
648,845,codepage,16704,81,"Activated in battle. Resistance to all
elements increases to 120% for
subject.","戦闘時に効果発生。
効果対〓者の全ての属性抵抗に
を加える。",,duplicate
648,846,codepage,16785,91,"Activated in battle. 1/8 of damage
inflicted added to subject's HP, but
cannot use menu.","戦闘時に効果発生。
効果対〓者の攻撃時、与えた
ダメージの〓のHPを回復する。
代わりにメニューを使用できない。",,duplicate
648,847,codepage,16876,71,"Activated in battle. ATK triples,
but weapon breaks 1/5 of
the time.","戦闘時に効果発生。
効果対〓者のATKを倍にする。
ただし、攻撃時に〓の確率で
使用中の武器が破壊される。",,duplicate
648,848,codepage,16947,94,"Activated in field, battle. All long-
term ailment and support magic
effects are nullified.","戦闘・フィールド、両方で効果発生。
効果対〓者にかけられた、ステータス
異常や補助魔法〓の持続効果を無効
とする。",,duplicate
648,849,codepage,17041,92,"Activated in battle. ATK of subject
increases to 150%. All HP recovery
effects nullified.","戦闘時に効果発生。
効果対〓者のATKを.倍
にする。
HP回復効果はすべて無効化する。",,duplicate
648,850,codepage,17133,93,"Activated in battle. Unknown effect
applies to subject. This will change
with each battle.","戦闘時に効果発生。
何かしらの効果を対〓者に与えるが、
効果は戦闘のたびに変化する。",,duplicate
648,851,codepage,17226,83,"Activated in field, battle. Nullifies
other sealstone effects applied to
target.","戦闘・フィールド、両方で効果発生。
効果対〓者に影響を与えている他の
封印石の効果を無力化する。",,duplicate
648,852,codepage,17309,101,"Activated in field. Touching enemy
does not cause battle. Can enter
battle by hitting with weapon.","フィールド移動時に効果発生。
敵に接〓されても戦闘にならない。
ただし所持中のみ、敵を斬りつけて
戦闘を挑む事もできる。",,duplicate
648,853,codepage,17410,75,"Activated in battle. Effects of ally
and enemy sealstones are
exchanged.","戦闘時に効果発生。
効果対〓者と敵対者が持つ封印石の
効果を入れ替える。",,duplicate
648,854,codepage,17485,74,"Activated in battle. ATK, MAG, HIT,
AVD, RST, and RDM increase to
120%.","戦闘時に効果発生。
ATK・MAG・HIT・AVD・RST・RDM
を.倍にする。",,duplicate
648,855,codepage,17559,67,"Activated in field. Number of photon
reflections increases by 20.","フィールド移動時に効果発生。
光子の反射回数が回増える。",,duplicate
648,856,codepage,17626,66,"Activated in field. Number of photon
reflections decreases by 3.","フィールド移動時に効果発生。
光子の反射回数が回減少する。",,duplicate
648,857,codepage,17692,113,"Activated in field. Jumping ability
dramatically improves. No items
from treasure chests or breaking
enemies.","フィールド移動時、ジャンプ力が
大〓に上昇する。
代わりに宝箱や戦闘時の部位破壊
によるアイテムを入手できない。",,duplicate
648,858,codepage,17805,98,"Activated in field. When held, foes
do not show on minimap. Affected
enemies do not give chase.","フィールド移動時に効果発生。
所持するとミニマップ上の敵表示が
消える。敵が効果を受けた場合は
追ってこなくなる。",,duplicate
648,859,codepage,17903,55,"Activated in battle. Subject's ATK
increases to 120%.","戦闘時に効果発生。
効果対〓者のATKを.倍に
する。",,duplicate
648,860,codepage,17958,75,"Activated in battle. Subject's ATK
increases to 150%, but RDM is
halved.","戦闘時に効果発生。
効果対〓者のATKを.倍
にする。代わりにRDMを〓に
減少させる。",,duplicate
648,861,codepage,18033,55,"Activated in battle. Subject's RDM
increases to 120%.","戦闘時に効果発生。
効果対〓者のRDMを.倍に
する。",,duplicate
648,862,codepage,18088,72,"Activated in battle. Subject's RDM
doubles, but ATK is reduced to 3/4.","戦闘時に効果発生。
効果対〓者のRDMを倍
にする。代わりにATKを〓に
減少させる。",,duplicate
648,863,codepage,18160,84,"Activated in battle. Increases
amount of purple gems that appear
after an attack.","戦闘時に効果発生。
攻撃によって出現する紫炎石の量が
増加する。",,duplicate
648,864,codepage,18244,81,"Activated in battle. Small chance
targeted enemy may be afflicted
with Poison.","戦闘時に効果発生。
攻撃対〓を低確率で毒状態に
する。",,duplicate
648,865,codepage,18325,82,"Activated in battle. Small chance
targeted enemy may be afflicted
with Silence.","戦闘時に効果発生。
攻撃対〓を低確率で沈黙状態に
する。",,duplicate
648,866,codepage,18407,84,"Activated in battle. Small chance
targeted enemy may be afflicted
with Confusion.","戦闘時に効果発生。
攻撃対〓を低確率で混乱状態に
する。",,duplicate
648,867,codepage,18491,71,"Activated in battle. RDM of subject
doubles, but menu cannot be used.","戦闘時に効果発生。
効果対〓者のRDMを倍にする。
代わりにメニューを使用できなく
なる。",,duplicate
648,868,codepage,18562,112,"Activated in battle. Subject's holy
element attack power upped to
150%. Dark element attack power
is halved.","戦闘時に効果発生。
効果対〓者の聖属性攻撃の威力を
.倍にする。
ただし闇属性攻撃の威力は半減する。",,duplicate
648,869,codepage,18674,112,"Activated in battle. Subject's dark
element attack power upped to
150%. Holy element attack power
is halved.","戦闘時に効果発生。
効果対〓者の闇属性攻撃の威力を
.倍にする。
ただし聖属性攻撃の威力は半減する。",,duplicate
648,870,codepage,18786,96,"Activated in battle. Subject's
projectile attack power doubles, but
movement speed is slowed.","戦闘時に効果発生。
効果対〓者の射撃による攻撃の
威力を倍にする。
代わりに移動速度が〓くなる。",,duplicate
648,871,codepage,18882,74,"Activated in battle. Subject's
evasion percentage is greatly
increased.","戦闘時に効果発生。
効果対〓者の回避率を大〓に
上昇させる。",,duplicate
648,872,codepage,18956,69,"Activated in battle. Subject's hit
percentage is greatly increased.","戦闘時に効果発生。
効果対〓者の命中率を大〓に
上昇させる。",,duplicate
648,873,codepage,19025,62,"Activated in battle. Subject cannot
evade or counter attack.","戦闘時に効果発生。
効果対〓者は回避や反撃を
行えなくなる。",,duplicate
648,874,codepage,19087,44,"Activated in battle. Subject cannot
guard.","戦闘時に効果発生。
効果対〓者はガードを
行えなくなる。",,duplicate
648,875,codepage,19131,69,"Activated in battle. Damage inflicted
by subject is reduced to 1/4.","戦闘時に効果発生。
効果対〓者が敵に与えるダメージを
〓に減少させる。",,duplicate
648,876,codepage,19200,103,"Activated in battle. Subject
periodically suffers heavy damage.
This damage becomes less over
time.","戦闘時に効果発生。
効果対〓者は定期的に大ダメージを
受け続ける。
このダメージは少しずつ小さくなる。",,duplicate
648,877,codepage,19303,97,"Activated in battle. Damage
suffered by subject reduced to 1/4.
All healing effects nullified.","戦闘時に効果発生。
効果対〓者が受けるダメージを
〓にする。
HP回復効果をすべて無効とする。",,duplicate
648,878,codepage,19400,67,"Activated in battle. Subject
becomes immune to critical
attacks.","戦闘時に効果発生。
効果対〓者が受けたクリティカルを
無効にする。",,duplicate
648,880,codepage,19468,58,"Activated in battle. Reverses the
gender of the subject.","戦闘時に効果発生。
効果対〓者が性別を持つ場合、
それを逆とみなす。",,duplicate
648,881,codepage,19526,84,"Activated in battle. When subject is
at maximum HP, ATK and MAG
increase to 120%.","戦闘時に効果発生。
効果対〓者のHPが最大の時、
ATKとMAGが.倍になる。",,duplicate
648,882,codepage,19610,67,"Activated in battle. Subject's ATK is
reduced to 3/4, RDM to 1/2.","戦闘時に効果発生。
効果対〓者のATKを〓、
RDMを〓に減少させる。",,duplicate
648,916,codepage,19710,11,More Money,獲得金〓〓P,,duplicate
648,917,codepage,19721,13,Bigger Bonus,ボーナス〓P,,duplicate
648,918,codepage,19734,14,Items Appear?,アイテム出現？,,duplicate
648,919,codepage,19748,15,No Purple Gems,紫炎石発生無効,,duplicate
648,920,codepage,19763,17,Acquired OTH = 0,獲得金〓〓,,duplicate
648,921,codepage,19780,17,Acquired OTH x 3,獲得金〓×,,duplicate
648,922,codepage,19797,15,Experience = 0,経験値〓,,duplicate
648,923,codepage,19812,15,Experience x 2,経験値×,,duplicate
648,924,codepage,19827,19,Experience for All,経験値を全員に,,duplicate
648,925,codepage,19846,19,Reflect Photons +4,光子反射,,duplicate
648,926,codepage,19865,22,Photons Break Pillars,光子でピラー破壊,,duplicate
648,927,codepage,19887,16,Photons Scatter,光子散弾発射,,duplicate
648,928,codepage,19903,22,Guaranteed Initiative,絶対先制,,duplicate
648,929,codepage,19925,15,Increased Mass,質量増加,,duplicate
648,930,codepage,19940,15,Decreased Mass,質量低下,,duplicate
648,931,codepage,19955,12,Slower Fall,落下速度低下,,duplicate
648,932,codepage,19967,21,Cannot Acquire Items,アイテム入手不可,,duplicate
648,933,codepage,19988,17,Fire Attack 150%,炎攻撃力×.,,duplicate
648,934,codepage,20005,16,Ice Attack 150%,氷攻撃力×.,,duplicate
648,935,codepage,20021,17,Earth Attack 1/2,土攻撃力〓,,duplicate
648,936,codepage,20038,21,Lightning Attack 1/2,雷攻撃力〓,,duplicate
648,937,codepage,20059,13,Turn to Fire,炎属性化,,duplicate
648,938,codepage,20072,12,Turn to Ice,氷属性化,,duplicate
648,939,codepage,20084,14,Turn to Earth,土属性化,,duplicate
648,940,codepage,20098,18,Turn to Lightning,雷属性化,,duplicate
648,941,codepage,20116,13,Turn to Holy,聖属性化,,duplicate
648,942,codepage,20129,13,Turn to Dark,闇属性化,,duplicate
648,943,codepage,20142,13,No Tolerance,属性抵抗A〓〓,,duplicate
648,944,codepage,20155,13,Negate Magic,魔法無効,,duplicate
648,945,codepage,20168,8,RDM 1/2,RDM〓,,duplicate
648,946,codepage,20176,8,RST 1/2,RST〓,,duplicate
648,947,codepage,20184,15,Reverse Damage,リバースダメージ,,duplicate
648,948,codepage,20199,16,Gradual HP Loss,時間でHP減少,,duplicate
648,949,codepage,20215,20,Negate Light Damage,小ダメージ無効,,duplicate
648,950,codepage,20235,17,HP Recovery 200%,HP回復効果×,,duplicate
648,951,codepage,20252,21,Inflicted Damage 1/4,与ダメージ〓,,duplicate
648,952,codepage,20273,18,All Tolerances Up,属性抵抗全強化,,duplicate
648,953,codepage,20291,17,HP Drain Enabled,吸血効果付与,,duplicate
648,954,codepage,20308,21,Battle Menu Disabled,戦闘メニュー禁止,,duplicate
648,955,codepage,20329,17,Weapon Break 1/5,武器破壊率〓,,duplicate
648,956,codepage,20346,9,ATK 300%,ATK×,,duplicate
648,957,codepage,20355,17,No Status Change,状態変化無効,,duplicate
648,958,codepage,20372,17,No Support Magic,補助魔法無効,,duplicate
648,959,codepage,20389,16,Negate Critical,クリティカル無効,,duplicate
648,960,codepage,20405,15,No HP Recovery,HP回復無効,,duplicate
648,961,codepage,20420,14,Random Effect,効果ランダム,,duplicate
648,962,codepage,20434,18,Negate Sealstones,封印石を無力化,,duplicate
648,963,codepage,20452,18,Negate Encounters,エンカウント無効,,duplicate
648,964,codepage,20470,21,Switch Stone Effects,封印石効果交換,,duplicate
648,965,codepage,20491,14,All Status Up,全ステータス〓P,,duplicate
648,966,codepage,20505,20,Reflect Photons +20,光子反射,,duplicate
648,967,codepage,20525,19,Reflect Photons -3,光子反射,,duplicate
648,968,codepage,20544,10,High Jump,ハイジャンプ,,duplicate
648,969,codepage,20554,19,Detectability Down,索敵力D〓W〓,,duplicate
648,970,codepage,20573,9,ATK 120%,ATK×.,,duplicate
648,971,codepage,20582,9,ATK 150%,ATK×.,,duplicate
648,972,codepage,20591,9,RDM 120%,RDM×.,,duplicate
648,973,codepage,20600,9,RDM 200%,RDM×,,duplicate
648,974,codepage,20609,8,ATK 3/4,ATK〓,,duplicate
648,975,codepage,20617,8,RDM 1/2,RDM〓,,duplicate
648,976,codepage,20625,17,More Purple Gems,紫炎石出現数〓P,,duplicate
648,977,codepage,20642,16,Fire Attack 1/2,炎攻撃力〓,,duplicate
648,978,codepage,20658,15,Ice Attack 1/2,氷攻撃力〓,,duplicate
648,979,codepage,20673,18,Earth Attack 150%,土攻撃力×.,,duplicate
648,980,codepage,20691,19,Lightning Atk 150%,雷攻撃力×.,,duplicate
648,981,codepage,20710,17,Holy Attack 150%,聖攻撃力×.,,duplicate
648,982,codepage,20727,17,Dark Attack 150%,闇攻撃力×.,,duplicate
648,983,codepage,20744,16,Holy Attack 1/2,聖攻撃力〓,,duplicate
648,984,codepage,20760,16,Dark Attack 1/2,闇攻撃力〓,,duplicate
648,985,codepage,20776,19,Attack with Poison,攻撃に毒を付加,,duplicate
648,986,codepage,20795,20,Attack with Silence,攻撃に沈黙を付加,,duplicate
648,987,codepage,20815,20,Attack w/ Confusion,攻撃に混乱を付加,,duplicate
648,988,codepage,20835,20,Attack Up at Max HP,無傷時攻撃力〓P,,duplicate
648,989,codepage,20855,14,Speed Reduced,〓足化,,duplicate
648,990,codepage,20869,20,Projectile Atk 200%,射撃攻撃力×,,duplicate
648,991,codepage,20889,11,Evasion Up,回避率〓P,,duplicate
648,992,codepage,20900,12,Hit Rate Up,命中率〓P,,duplicate
648,993,codepage,20912,17,No Evade/Counter,回避・反撃禁止,,duplicate
648,994,codepage,20929,12,No Guarding,ガード禁止,,duplicate
648,995,codepage,20941,20,Received Damage 1/4,受ダメージ〓,,duplicate
648,996,codepage,20961,14,Rapid HP Loss,時間でHP大〓減,,duplicate
648,997,codepage,20975,14,Gender Switch,性別反転,,duplicate
648,998,codepage,20989,21,Cannot Acquire Items,アイテム入手不可,,duplicate
648,999,codepage,21010,21,Battle Menu Disabled,戦闘メニュー禁止,,duplicate
648,1000,codepage,21031,15,No HP Recovery,HP回復無効,,duplicate
648,1001,codepage,21046,9,ATK 150%,ATK×.,,duplicate
648,1002,codepage,21055,9,RDM 200%,RDM×,,duplicate
648,1003,codepage,21064,8,ATK 3/4,ATK〓,,duplicate
648,1004,codepage,21072,8,RDM 1/2,RDM〓,,duplicate
