digest,character,resources,first_resource,first_slot
001f5114dfec80f1fec0fecaf169f4b3969d8878,。,30,29,89
002281a3d67d886b5b28f088d8d0e170a4ba9d0e,に,331,29,91
0022deee6129da727949eff93918c92e31d2fc2d,銀,1,593,8
00bb3d6791c891d11c00454ec00c34d2023b03cc,草,23,39,924
00f9bff91fe84f33d5c26e403add471bc0ecc9d7,頃,35,33,161
0119d9a3a527590b1c36065bd386a6a60c25ec2d,支,37,33,269
0151f939d8859a62feae03f172a2b738715f3a79,分,73,33,61
019439414c9e07a0deb14cb56ff38d95e45ddb97,探,37,33,236
01c33bc6793bd98aadb869bc891dd2533d0b2a71,疑,22,39,595
0237822b7ef718753cb0bc6b0c41aea4a8ba059b,遠,43,37,90
025c499faf5d4ccef6f1ca127c15bb1dd0bd62d8,露,1,593,11
025d45f03617bc7bc2ebd1e5c836220850b77c5b,け,11,29,226
02724092c03c59c37f310b13725514f8acb2faf5,最,3,29,138
027fa040d4a89940425252d9c7960bb629fa40ee,揺,22,39,345
02c27f8a341e34e44fb87674b239241401af4dd6,未,34,39,410
03b5d19d0d7b5b91d01df477024e8e704b322a60,熟,3,1015,278
03b7a335189e8ef5a252e0be78d47739c73fc2b7,値,24,39,170
03e534de41037b24d661d28cbc6bef376c7f1450,闊,1,1277,152
040689fd7f4f6a8dd2747ca9724c5cb5be9bbaa3,切,13,37,157
0410868531de582c186c69b4cb01aa8757905d42,青,4,33,320
041456180010e5e0d13f261f8b581fefef6b130c,け,138,33,72
0463ea763d08075799d9eb8b42733a6ecb043821,オ,119,29,156
047659e6e53f53ecfdf892fcbafc33435015fc9a,喪,9,29,5
04a4b73d80f018ebf2961658d4e0dac7490e8b83,ぼ,2,47,241
04baa515368caae4f708f026827beb7f6885953d,遅,30,33,62
050c516f613fb5d250b0440e9548a4c65b09721d,ン,134,33,37
0524ef4d1952148d01a3cafb283a5210d904692c,門,1,29,283
0533c233469839fe2a62af1be018198ee8a132e8,悲,31,39,704
05ba936962be4b036464198d5ff4f6294dc89aaf,調,23,43,318
05bd8ccea97151f2912e330c6cf079b5548f9827,金,37,35,283
05cea648971cbd2beea882ca7ecdc23cf77c993e,ピ,2,43,169
0602e1d97e715755a871150500623f83bc906771,関,52,33,223
0682b91f3c4420f05629eb49b096d9fa7f5aee8b,卵,9,47,1068
06c163ba939f7b60ea717c19e7b788e6d2f6bb5d,択,23,39,552
06d6f31ac248eefc5db1e567bf4b0c0ac298d345,ト,246,29,17
06d818694997e40a6b32a0927d2b3b48a8b8f52b,竜,23,39,531
078d329632e3fe55ddbfd6fd32244833442a7a38,事,25,29,146
079ef5798358c1ec17a1a8ecb7af43215815f802,遺,26,29,29
07ac0268704861680ac3551cd65391b5f2ac2530,持,50,33,151
07dc01d622110066c3bdc04706f20a90b6bd4e26,枯,16,29,23
07ec74b84be2092e36a617eb8a9b8ded5659f57f,砂,25,39,318
084069af0688068b22c192fffcde24ca4cc3a8f8,鉄,26,35,144
085bd6f48eb10eba29dfd51606513d988c208077,保,24,33,147
085eb0dd46b7c6808b6b8392f1211fdf817ff30e,防,4,53,158
087368fec30952cebea8e18a797443b0862b253e,ヤ,58,33,110
09bcf55328a5e26de5851271f0c2bc3b75c18d8a,介,25,39,392
09dfd6f5f341ed64279438219b924d4fc88ea7a6,ス,245,29,41
09e520b74c26e5d218d49fdde829fe07a107aff0,笑,23,39,488
0a3f7005b71161db913733ba13511c015d8dbb10,功,3,97,181
0a5ae55dcf5612d14ea16dc8d1310fa2d5e339a5,陸,1,29,198
0a654efabe8151bfd006e812f1419b5219907367,な,185,33,77
0a6aee1152f1b8d13b25e581a7846f763d39757e,ビ,12,29,73
0b084149d0facecc612a67fb10e80cadd858420a,方,8,29,295
0b5e7a50facac5b09ead1b9c5dbddf7b2f58d212,然,33,33,241
0b6924ab1985ed429fd094c30bab817f2bae0f5d,ゲ,27,39,861
0b780003730f7a74186ade440a5b56cb95c522ac,エ,85,29,281
0bb358312fe4712785dea772ad181574f8081b6f,側,22,39,267
0bd4d8e5d0d0a6bb20a8715b1627cad8478dbfcb,・,33,39,722
0bdc6749670c0a3497e683f393d24c12a632f4ff,森,34,39,586
0c1f51bdc30d84973937d301a482792a48718854,詰,22,35,207
0c49153fe94d18779fb1214ee299d28e8e33ccb7,や,123,33,102
0c959fc06480736d53296e869f638983a987f5ec,輪,8,35,295
0d38223a5933fec5205daf73d680d4e6aecf988b,昔,41,39,376
0d530c6b71cdf529d71e9766ef03f5184dff4391,込,41,39,468
0d7f7a7937e09a37d232a66a01bd07d89474fb89,発,10,29,201
0d94892749cceb89d5c0ad15b06686febbe22ea3,す,92,29,134
0dc618e7ee2276767415d55b167c598e619e684d,ち,14,43,348
0dc777dc45be1af5cfe63ecd78376850c72569da,辛,25,39,38
0dd06a2828acf5ddfa04656b1afded39496036f9,再,46,33,131
0df43d3043e79b359ede8f7447072e8220896c08,ベ,27,75,75
0e145267d1fb3913d8a2ce5092398c037b298b02,旅,2,51,208
0e42aad0359dab27a699110f80f3b64e2749844b,和,28,39,74
0e54da7a2b3ed510c0a38cf78f4df5f01a48e591,犠,5,121,312
0e876c3a62791f0477f8c810cb7ef36083fc3132,疲,28,39,801
0ea33cbf7e11a9554f1e21fdc20b051f88c63f45,ー,130,33,16
0ef802cddbac1ca59fcf3b517ab3d7951f49c016,ォ,47,39,996
0f34961a82aa2042940a5721092c09d32fcef18c,流,33,33,222
0f47638b2cbd32e0dc5213227cb597c7391c9240,切,51,37,116
0f51974911e2a12a987232f7b8ffc4548606024a,係,31,33,224
0fa6fe4246d3466ec8b6b6d01d216e62720267fd,衣,8,313,251
0fc61c4fa38d6ad1b932016c0ab4ba7194f44981,る,187,33,32
0fcfe7c6131e45478c5ca96893c871ba42dc3337,事,104,33,84
100c8300ee20aa22c8f82e948b6633b357b23d90,ボ,8,43,214
100e790fc2f72d94a19899ad7cefc71863f0a5f6,損,4,33,154
105d317044c253a3d401358ec214964168a612ff,ア,125,33,288
10651241c3451186c39d5082e755ccd91b6b191f,戦,25,29,187
106d466427fe819b618dcca569fbc751b27597d1,画,7,29,155
1078d0fd017fc7f2c7b7614bb0f0fbd0bb6a6f36,去,32,39,500
107921f8dfdf995b9e8645c8898e9474e95c6d27,脈,4,29,220
10aaae4a925948cbe13ec9b23fd3e6c1ea92b33c,因,26,39,942
10b7d6a02619198d9d9d06f4e56ef87c0b1236fc,帰,33,35,202
10bf4543c78ca218cc2896b3323b724e9366d4a2,定,11,29,83
10c4232bcf71f500929a52f00c0796d36f8be68e,叶,24,39,620
110c08c73bbe5daa6bdb201705f26f41a3cf6ed4,ガ,28,29,56
1136cb541e3770ba98145add6bf425c71d0d89aa,渓,7,29,74
11511552eb3bd05a1ac80a59a25c82c86f07fb94,足,36,39,213
11597348b96b8958aeb93dfbabfd503e02bad684,H,56,39,16
1169888fec27cecce2a6fa601a7fcf9955cc1554,び,60,33,272
1198285807ac904f36a8b13afe14199d463ec6f0,布,1,89,387
11bb46795fb1356150337b5d140f4bb51ba2879b,チ,19,211,10
12236e324c9e0fe4eb6211a757bf737584a6be28,駄,24,39,397
124651bc4a711b1d39120607e414d505ba356819,起,60,35,212
12bb39ef207fa7d334b5c118ea237060f8ccf09a,さ,141,33,94
12d313fc3888f5e08851d1ecaead39d6f9e71288,ま,149,29,285
13082c46ac0ffbb189ef3a1f3fe4e962c1606530,抗,28,39,476
1315d9189eeae0e60b08d77cdfb6db113aa686ae,窟,50,29,44
133bf49c74da64c86109464ae1ea50e7b5e98724,準,27,33,295
133daafc39e4c8106236cd10a4c74ca907b61df6,み,11,29,224
1344b321dae247f86ad3a0e9335ae088517141ed,宮,47,451,7
134db226c05ee1d0e4f24f75474dbecf35dfec9b,裏,24,39,747
137cb5cc8aea07f0fbcd65fb272c69468c204d4d,新,31,35,169
13858c35eab6af17e621ce84dda41753c221c332,無,90,33,232
13a0816340e781827b36c475760978c8f5adb9a6,初,36,33,205
142f93cd3e919c1315fb7b4ad509c6f519b7f09b,鍵,4,225,87
1440bc48e4c358d6f58b090ed64ba4dad6e2b306,繰,25,39,194
14551d39c22d3d99bc0639126e2723b47afa58b7,風,25,39,486
1459fff40a235591ce5794f9cb8294b6c4455e62,お,13,29,102
1469487bdf2e3fcff026bbd777a08113e2c6342b,世,10,29,286
146ddfb18d15c29e5c372c427b5cea6164577b1e,式,23,39,642
1525a51570e5245db78c589adf54222195993511,洗,26,39,80
15d769c00aea193b4dde520531044c6fa7f76f51,漂,1,29,118
1602c03568136fd34a604dc26d0541a64d23f7ff,業,15,79,267
1654d033262e9e9eb601230f670f79dd737c18fc,痛,25,39,396
16685e8f04f13cd0bc545ce03674986247d3a210,（,10,1195,20
167569df27e091bbe6b94f17b25e59d01eaa7f82,城,45,29,212
167c7ac5ed8f96ccf8525d1260a948dcac062640,漠,25,39,523
16bc1f28611481cc895f343e90caf448a3698704,ル,312,29,3
16f569c249373e93b8544766140a150e7181818a,壊,4,49,1281
16f807f032cd877a31bb582f290cd5d8219a1a72,逝,3,137,62
16fe5f768151514b5db4e12664135f014e26a1eb,ず,7,29,115
172acb4dc6151a44f515317f9c747ad4054c7af2,浸,1,29,270
177570377fd682b4ee2bc53063de0ff1f8f78bbf,ゆ,33,39,399
177fb73262a7857d9b145eec36dd28377f95ff40,転,12,1083,8
17aa4a3342a256445f577e9273e805700212be08,え,141,33,130
17dac480c0010ed6d37a85879f9724b35b6cc9d9,智,39,39,994
1802847596207476513b1d8687cffc313aa64405,然,5,29,302
1821628507d34759b42db3ca68dcec843201284b,戻,52,39,323
18319aaeb8026791cc52d3cf5f32ae736ce87d95,王,26,29,142
18816029e4f2ee74a6bb512e5d549f8a040d7d2a,名,9,43,266
188c263bbffcd6a54a4361d9fb11e7196e6038c0,歪,1,29,308
189cd6e247f1364fbe6a2160fad946de61081159,運,56,33,276
18a93ed4adb69c16f696b7a6e3c95bd921b9603f,光,31,33,42
1903966afe94a14e658142cbfc933da262b14bfb,ヴ,137,29,31
196a3e4ccd0fb8cee91fe262816ad6682c96fb3b,イ,191,31,4
19f1a40577835d43343eb684156e3b728e61d085,印,25,39,382
1a0425db1f9abd813d549af24181155b76c63efb,し,1,1197,237
1a1893e5e4e5d080aa0c6ed681745c51c105836a,ラ,100,35,163
1a1b34ed2127177da4aa8b19e1ee043b02280e67,拒,1,29,243
1a568f9d3a581d4bcb61574ea2adc2db3381def2,ビ,32,39,802
1ad774c0776bb11ddfbde7d213db6907cd2e359f,自,8,29,307
1adeaf724c43f8990335d0acce3dad338e0aebc5,子,42,37,106
1ae2cf1a0b63fe90265d85e99b97b46357bf6436,差,24,33,193
1b5c8b323426d22a167c6c199359f07cd396a2fa,部,3,29,173
1bbd5249138ca9c63d1153dfb4b0fab439a627dd,買,25,39,931
1c5d58f642cca45069b715bb76f50f874f9b0b39,士,57,39,693
1c7a8750560029e6d6e1b3da370e7f4861be1efb,闘,14,49,12
1c87b6a58c211342c732595895a203a8da42e15d,共,30,33,278
1c8a6cda66373042d972e030b20dd58905bc3122,ね,133,33,74
1cdce072b9ca9f47cb782896b9176a6669d3c351,0,141,39,14
1cfcf9cff598c70cca0d05c187bb4e81ef371da5,喧,1,29,109
1d99f8d20ec430c03d710035371f98c2c4c8787b,突,23,33,240
1dc811b6d683916cd75a43a7135b0b2ba42ddf9c,処,28,39,746
1dd5232d45213cc45f0eb3984e061441f9324c2a,始,36,33,317
1dd64513ee037206f9bfd5213f47fbf3a8e7a1eb,家,33,29,144
1e8f856d02aa343b59009f92596fdf92bf4b344b,量,1,29,254
1eab3029b737811fe7af23ab460d74f85d35e246,界,9,29,278
1ef5ec855aeb8e3de3e8e65c984f96f61a507f5a,認,28,35,43
1efa3c0d0868d554ac34c6db9ae7d6da1bfd6210,徘,1,29,196
1f82fa5891eea22aeb4881b8d86515d82efebfdb,単,23,39,691
1fa1be89c0133f7e55bbfbf1ba01142742d90790,経,11,49,129
1fcf6f537f16ba8aaa2d81e5edc37cbfb2d60171,貴,75,39,121
200bbe14c3f354965372de078cb2fdc0bb4ee0bd,た,329,29,164
2016a195cef709d30a1076d1829c7d45640a8861,付,32,37,117
20359c58bef8e2d6f85b5dfbf68d57edc2d0ed7b,惑,24,39,716
203a2a5533bf48df84d3381486feb9523ae64c74,神,33,29,39
2040e8015d8de3acf79eaf40b56baa98229737e7,ば,124,33,182
20845538adfca06952d31a4f8803c583de32c861,炎,9,49,1221
208716bfe6de2e30f63749b41c9699072f37225c,マ,151,29,68
2095b80cd8c4b5d77dcf8483a73d888cebb06ccc,管,24,33,148
209ebf655a8e516a6e88816faf941df8da5df329,遠,3,29,292
20bb1db3aad9bd05a1b8d66e206f90c46a67d7ce,全,51,33,115
20eab2e731579b0a15e42aa35638b965c53bef46,百,23,39,479
20ec683a5b01ecc6e3086f4d1638f28d17050c8b,任,25,39,489
21610d2f86fcee7fc066c7be5d3492a1be0c222a,住,36,33,168
221762237f2348b294fce2a7d96866e80965dc2b,身,35,39,328
221b283552ad338dde8218811083a174eb2a88a4,叛,1,1197,235
227ab872f85127812621be91395412a7947ac3a9,ぞ,75,33,238
22b59c18667d0ea374c574f44511dd494a2b057b,旅,36,39,496
22c31f85d1bc710c9688513aaf916afc63cc6c4d,数,33,39,377
230ba79dd6f4eac61fa892f82ab6ac7a2ad0dd5a,究,1,29,248
2345581256f2f00859b1900be54d3a883542e698,造,2,29,168
23682b258b23a19154874a808234f1068e1a2ca6,船,2,29,85
23a4531b250528271b0c7f12ef32e1cdcc439a20,問,28,39,471
23cf6ae1e02cc6fc593caac912c4a5d7a95e55d7,ム,30,39,197
23e98c2f013959f64e26f0c3a33d1877e34d43f7,聖,12,29,273
23ea3f37d1f229e441df962d75a7f3fa4cf390c8,運,2,29,232
2405576a1195654b7f71eb43201882a178140c40,勇,24,39,687
246adf3bcbbd8816e4d045842b0cdc4c3f60d788,視,23,39,434
2480677a4a370dfd3c46e6fe364809ae374c9dfd,怒,30,33,245
24881bd63e0fc26275bd969e5813254477125b6e,ル,135,33,17
24947f3de2cb02a891a45c88b1b9757798b38f7e,水,24,35,287
24c259eb33569a11c691586b6bb10ae76047a228,じ,138,33,80
24da703c2f0ba46afb836cdf3e6c171757b4d2ec,議,26,35,136
24dfdae891b9483ecda2527438faba6974ba56ef,ユ,54,69,4
24efc1d5aca0c5249ac0c80d32d57efe4845810a,歪,30,39,863
251769a82b16cd066473cfe4fdb64491e92c7682,果,6,29,251
252b01ce632af3029a279651ecdae51e1e2348f9,望,38,35,103
252b326b29838e6b9557e3203f8efebfdf39ab5a,忙,23,33,298
254cb5e07cea67f8593d5761cb3aa4ab42544298,横,2,29,300
25517b51ee42685406a8a492b6db0322c3c1bf72,草,5,29,66
257737d99d8d9815b1bd2debc3326b812867695d,骨,3,81,274
257f11bceb1ff6a734ebbd36bec16233cfc2d286,辺,36,35,85
25cd360ce35958e08cd28536ab9ed0ca04a4f4b6,汚,22,39,533
2605d3d7304731d547afd311de4ec766735d018f,た,173,33,76
2635f06e576bbd74a1fafa1fc6e8c33601c4b5ea,リ,116,39,106
26664518ff8fe6e0ec7c04bfad0f8472e94f5c3b,徊,1,29,197
268f6756a4fe27b5f4bbdc1f9a4b6db1debc2a39,可,50,39,656
26dc60a3235c0fd4e5c23a03cf2ba1efbe8bd1d7,腹,26,37,206
2720000a18adab24fd70ff0778c8db83da6261ca,作,37,35,114
272be896ab4d88679257505cd094636bf72a9383,括,1,1277,203
2743206c0141dcae95311137811328b120d36e27,多,39,33,289
27461be646a30b897680387d62f201e36b1465d3,扱,2,29,87
275dc43f0c3fd71bc64ef540838868ace4bc54e2,火,26,39,545
2762c1090c90b8b69b4450f5b3cf582b734a136c,激,25,35,151
27c24c5521acb63930f7ba1169c58b4e081dc2da,外,34,39,0
27fb6e65252425cbf6522547c8efbc0989b3410b,シ,102,33,119
280d3346e5a5c6c721215e5e43e16fa7659bf910,居,41,35,284
282959de68d5aeae39c4f5023a1c02c73505a759,ナ,43,39,321
2857f29dcba1b2e9374206dd9830ab7c37ea9cf6,隠,1,29,263
287922c36d2078aafbbcc1cc05e5b006315ad703,領,1,29,177
287bdecc2155efccd524a1557eb3f493b13a7a65,躇,1,1277,84
288496e67bec9665aa4b87e589d2119a2a0492c2,迎,22,39,147
28aec45c9517b9a8d9ecc7f801ee6141e099b1f0,～,52,35,315
29174523e09b751db81f50c701be9394612f1178,入,312,29,97
291d1280fec7453a509d709e5a16b11081658c71,向,36,33,225
29696b39b4fbd110390c7fbf4e72c8d06fcace63,シ,37,33,111
297a2d94070da7f943cf836252bfc81f4663b4a0,グ,134,29,27
2984d0c85cfb469169e6ae77f92dfd6bf75b48e6,点,2,29,230
29a8f6a74b5d8dc779e5d835efff0f42706a207c,神,113,33,243
2a2019b92c4e3c946aa52296ddab2b993f971e76,償,22,39,367
2a601407e87e5890bcd65c4fc87aecfbe44cf2b6,一,50,399,67
2a973cbb86f5f6b4c528f59aaa28d596ba1e97c3,商,8,29,205
2aabde3337f669519cfcc94f44c0d3b4c5d81d3d,亡,7,29,275
2ab6a210800de62ad756e3060274e2c4f537cf7e,コ,36,35,88
2ae5c562afb824775ec7a87eb25090b3ff08a722,続,6,29,126
2b16ccb0b23f8bd2088ece5bf52543969011f06e,！,113,39,25
2b382c0b3ac57982d07bfd2b01939a1a57fe27c6,自,47,35,224
2b7cf6d2c206be9ace0732c88cc679ad25f8a2a1,顔,29,39,220
2bef79cf9bd623fbbb44e7034a913d3d3a7e44ad,例,27,39,363
2bf2b86bd27571133e3e1fd31beaaa0ca762c5b9,ね,1,37,167
2c0fa0576c888fe56e4227576942ac110f345697,こ,18,37,168
2c29eed9b30f367db02ed16b657ec2603f90f6cc,界,71,39,344
2c68116454585a8da359f967b18cd75c2c38865f,占,22,39,259
2d54d1ce3bb3cff2d8e1a8822773c19d99ef9906,術,16,29,151
2d58b32a5f79e2cf77535c3d57251d826f096c85,打,25,39,446
2d5c42328b4aa664b1788a26e84c3d1f0ab5054f,傭,10,33,98
2dab1c5f4faa4e435eb0760eb2de381384c21fbf,ブ,139,29,157
2df42eb3e764c877d4529aefa1da0b7cb755352c,村,6,29,63
2e07af80998b9e60dec7bfc0dd057de948d7657c,生,7,29,244
2e0e6bbd510e19da66d2c721a3e7819eebd0033e,信,53,39,309
2ecb18d052b1fddbcaa9838df680cdd5fcb03f86,唱,1,1299,158
2ee4e822fca7ccc7cccfe08473dcc2e00ed6220b,・,38,29,77
2f4bad94b489064b740c934eeb337ae4817df7b5,壊,35,39,603
2f5386640bf7f3939dc1af8e1a34ed441746ea7a,大,91,33,153
2f987aa2dfb5fb1a1eb8ad5597046e190ca95434,黙,25,39,907
2fcdede74b5a10daaf5cc78f5b8f68118a6c91c5,平,28,39,73
2ffc851a98ff5ac5ddbdca7c5eb730e0c29adbdd,展,1,29,202
3002ac103fa561347b08d6b92d4beb972e434f6a,恵,23,39,911
30219e0e57e472f4f13b2a4a97e87900cd2fd113,ゾ,11,29,2
30303adbb8de6b1ae9799d8f42390f45bf744d9d,ら,170,33,47
305885b3298cb6a1a170f1f49f9283fbb0faddb3,ご,69,37,176
30ad17792bf4aecf8d2a24ea601c0d95f60ad915,宝,4,29,170
30dd33b226bd18c329314deffc19882ab3400e3a,暮,1,29,162
31050be421502ba2f38b7ff50dfffd9a28d370e2,山,28,39,55
3109302f0d3751056f268c5b2b2feaba9ef20acc,深,28,35,313
310ece74daa4c6d1d329b55d5ee7da2be2b2bcd8,ャ,74,49,1215
31863d239006042191f9d5212ead7613e760a25a,し,167,33,48
31b1cc027c145fe2543845220c51fd8f228b6640,街,39,33,44
31de4e1afb9d907259afcb2a7aec91f69cb97954,互,1,1277,157
31ea8c200d5804c1993117c037ecb4c5e61f87b5,0,135,39,30
31f763a126809c99d70298a638dcfecb145b893a,盗,3,543,24
322a83479dd6c3c4ae13be42c09680647990e700,話,58,33,183
32568e21bee80b56985eae4e0c48d150b037ba09,と,24,29,136
3258e8d8c5298795fceb4d782de80f6e6335c5fc,や,31,29,93
3268a3e88fa55759186b570eee5a0122a2f21a4f,で,159,33,64
32b4dbb9553da56aeb92c2facdd119d2bb18a80d,華,1,29,140
32d8dd8d77e9211e56e4885cec7352424df75166,輝,7,79,357
338c126bc893878a38527fa4c09d58e2109fcf7b,私,112,33,239
342bd835cc9ac18328832f8b620824a8760e1296,難,27,37,199
348b65c5919d124a372eea80fb58a35d539206fd,否,22,33,189
34d107e8b7748bebd12d56c75c6d6b868c9c2979,彼,28,39,784
34d1e79aa0109554ec9f26ca4e99f72b80b571dd,天,24,39,343
34e6f8b7d5d042be630bbaae0e149779880e9477,臣,25,39,208
353a32328bb80f62376140e718aa98a5c3586b53,“,15,1243,199
3581035b62f25ba165faade497801a3ad25d42f2,覚,33,39,268
35cbff2b9a2d7e505d1021abc5c6604033ab75cc,誘,9,41,195
35f4e0680e9be7a965930df74a879718dccefd80,魔,73,33,39
35f6047b78c92affe26e145688c38785f8059f52,今,6,29,219
36246dee4f760ef3ea758cc456b614ba251b0e55,果,28,39,938
36579a4633c5b3350b06bad61431c63dfca6483a,持,29,39,20
36b000b8c7e840be063985767b12350bb6233c3f,干,26,39,580
36b06b6b9ea02ffb0ab3e1b3402ea7b6f5a9321c,っ,163,33,30
36e55897471e98534b3f9d3c2c5751901db9fca3,預,9,1017,9
3783f2547c0c50cb424c44e482e7c60c5c153398,秘,19,39,5
37b4d50b70500145cf7006e62cdedc19fa18462a,技,4,29,150
37bf7de79d00fcc39da64b7e574ac2f207a95c70,帯,4,29,231
37dc129df325c165791db8aaed395375f877223f,識,23,49,140
37e7d06a43b248817c90d7703114cb74860ffaf5,属,5,29,176
38012505889416167bc04fbf8f95765204b0422c,猫,23,37,184
3879a33ac8ed8f658e713d13a74c4172048334b3,ポ,19,45,198
38c90adf7f5e27cf5f4b9735ca224c9b967c42e7,他,41,33,207
38ffbdf8386f867a68b9d05b9eb0bfb1bc2b3ddf,絶,30,35,245
3906c1bd8ff63710e41ef142dbfcc5e49adcdf31,常,27,39,215
39102ee2f4d06804605bd1a07c93ac77b8ee8833,収,26,39,567
391b9fb900133bf39cfdc86aa4946048a86a1216,ゼ,27,39,219
392aeb77f42b330956d914dad07891929111c267,騒,33,39,346
39cf956fcffca3fa4ea37426f42db675ba29ce5d,来,96,39,130
3a1f3cc72427649a33b53056915e672bdce56a81,乙,2,47,147
3aa98962ed4310c99ba1b3499b41466b29c241fc,ヤ,2,81,164
3ada06fb1c4a3e51a6aba47cccbb51b668208047,物,9,29,94
3b50e604281d2d853be3cf1f8c53656417eb5016,底,1,29,125
3bca87aa3ca7bd9e7bade7791751157f78ed7429,間,141,29,172
3c47c7b05bdf01b48d09fc12b547f929d2551242,高,29,33,262
3c650fe5a5d52a8e9e73aac87ae0481b915f91cc,部,36,35,243
3c936b1a053faddd3e736bff2e00eb3ee4e6890e,番,49,35,320
3ce4decb36e996477e961cb9d6561d819bc31b16,納,23,39,557
3d0d7948f9058b553fc0f315a35e58fb8f8a3d7e,ら,53,29,163
3d5910a6ae8e6736cbddc170c97cd0d0c846b4c8,貫,29,39,135
3d5ce8eaba6b49151378dbf049e63af8eabe509b,与,24,39,679
3daa3077218ae4838e44555f6c7fb8e038ee4850,浮,3,1299,161
3ddad9d55d98f8a4c93abe6bf12eaed020eb8eac,預,2,99,235
3e1fc4994e65099c6433df39540cd43ecea921b7,波,12,41,192
3e21a94d3c483ab73d82e3358aba1323f7149892,れ,330,29,100
3f109499951b9ac9b0019ecaebf21a938b7a9c54,就,1,1195,104
3f640da3e9d734d57bb8194b7c4e4492b65416ff,置,25,29,175
3f7200eb72804b6ce021cc06e1ab29e34f6f955a,港,11,29,0
3fce27622fb7686c94cea8f2b43f492267d56b85,般,23,35,177
4019ab3f43e876af0f6781052888cee74de13fc7,げ,81,33,122
41141214c704a09f4fe737bc23b3655f51120940,裂,2,29,311
4132b4d2c79ee539b672975afdac9e025fbc39f3,廃,5,79,407
413eef0ca23e4cd8ec1b545f1f6773834a1f64de,嘘,24,39,918
416a69dc1c9b950f278702cb4e2bb2b106b07981,と,151,33,53
41afd986c4ec55ef1fbed0b01ff5ad49038b1f67,其,1,29,319
41d5e6557ff84946c6c2331dc01ec556c5a979a5,求,26,39,587
4254fd69bfda1cde015bfe35ea20b55e81a2d069,血,24,37,207
4265bb5d881aded4bc1d69005240d052a4dccc78,教,35,35,251
4274b69eef0dec75b2c69bfea8a9770ccd5440fc,敗,11,1149,142
42aac09985c82a69c4db67a995dc65fe924da0fc,報,50,33,177
42b7d5833d2b5884ad9dd0fea58b46a6393b57a1,防,10,33,6
42f7fb2481b92b0571badb69cf7f6271aba88c8b,見,108,33,93
42fce8a280813b92ba278aa7b0346b555f5c9b70,問,1,29,113
43200035e27227894a4b7ec0511c1b3270148d27,真,31,33,252
43255cbf9463044d923ca5f0b47a211d754d4340,訳,25,39,401
432ba1e419e6845433ac98b0a5749234ae4adbc1,送,9,29,184
437ac8b5fdf17deabfe2f975c8cf730834c2da4c,罰,25,33,264
43d50c1afc18a2a8d9afe7dbca9bea1e71e6c33a,行,9,31,62
43d7d650ede85f8a3f99d7144a0f3f363fd497d4,退,28,33,171
43ed54b975a23a3ac02a6de0becf0ff10893679f,件,22,39,593
440918d2f0ddc2c61aed2bd5a78f3f044b8b3f0b,な,34,29,121
4482633c27ee5444af8747d1ce9945a635bafda6,壁,2,29,213
44e5e36b53b7ad31e968d3b0fe469a37c42b2f79,二,36,39,221
44f62f88c58f0e69541e46024e4cce84aa04dc7f,き,1,1197,236
451abf5f6168de96292df2a340d4236c612291be,丈,47,35,221
453641582a78e59fc98fcd2dd168377d95988f24,刻,4,357,5
4578e9770b7b2b468da8d8acc23de3ad7be51900,乗,6,35,78
45995cb39735d1bbfcceaa380e342a4542e1961a,荒,24,39,77
459a80f11db65db400014860297987d4e763c1c4,直,28,39,405
45e769e4c63294016f53015b7bfadef030f0e620,鮮,1,37,139
45f99dfc1c26c8261833d0adb3c2e9076e352922,黒,23,39,494
4610711cfc9b63fcd022793c61b3f10551021d05,出,44,33,20
46718d3fd4f13fca23c8c69445f7f3f9e9087acc,施,25,39,730
467c9affac7fa0e1c40b431c462a59e9dbf8a253,歴,22,39,316
4756e5d2dc19abca9b73ece4f53005756c44e54b,面,8,29,296
479ab39795b8d9dac81d9dc5969eb06fb3dda566,勝,29,39,628
47ba9251c80b31532c53d3973b2a221bbdbd57da,目,53,37,44
47e5afaf6050753a2fe70c726db3639109912fdf,賢,5,111,951
481678586bcae1228d9693ad2e15117bdafce338,書,22,49,9
485896e3586c60314f73ee265e3ae273b245c706,ミ,68,33,214
4875c27540baa5dd3993db5caf10bc95b06f421b,ア,183,29,33
48a0aaaca6946df4c51a249f2ad8fcf39acbcb91,シ,199,39,960
48c9ba81d0f81b6529e915512df58c181642a8eb,ワ,29,39,437
4913ba1a187607e9065c46970e80cc035759426e,殆,1,29,269
4938e7b6370655d725669c7eab10a2b9254a89e7,全,9,29,313
49c8c92b2b6ee6be6ffaa994d9c04fd8c0f4936a,瞬,27,39,783
49d534fd0149411528870fabe1f6db9b1899aa53,注,7,35,152
49f37ae5669078207a2bd1ce346c08e861538bb7,侵,5,29,234
4aece69ae8564f6685a8616231b6939042b0a4f0,定,43,33,142
4af02bf035dcd3c48f0c130ab6308b6734d2a138,原,5,29,67
4afa8a72b1a7c42a83a554eca44381c5a3e88889,姉,28,39,312
4affaa042f19d7dd48a96688b3d64bc12fc73afd,ヘ,31,39,571
4b6a5a536f79afd39b75d2591d46cde975b6faba,途,25,33,195
4b73ab18727104e99d04b85ebfc559a1583b0787,致,40,39,576
4b7dd3279eb939278adba4fe794c2a5c4a2b6b01,迷,27,39,752
4b8021ce7d25f10750d121a99e6a0c2081557f37,法,61,33,40
4bb43bc8a16e6ea8f8a7948650f883465e445d7c,唯,25,39,890
4bf302ef4116e26460323bc2a0402be56937fba4,剣,12,107,344
4c56ebed75508418c3326b94793cf5eac4ba4e31,別,40,33,184
4c694678f41158a404e46f1eb20925768e8d7c65,づ,34,39,771
4c7117b993c561ee056f08eced5c4d279d44f079,実,34,33,86
4c737f728657e4efacec6720e4941e5a2cc1f782,道,21,29,131
4c858030d3b33c6acf159cc4c867f863b9d54463,心,70,35,210
4c869ddd43f2a6dc9cbfb3d29c1a3287d6c54f5f,誇,1,29,141
4ca5962d81bca991d03f1e91ba9cec8793af2863,ソ,51,35,289
4cc9ea1981802720452060db76381f4926167426,幸,1,37,162
4cf9944a7e63743d961738f3cf60c32c2fc2fa38,縁,27,39,470
4d5833fbecb9637b373f9ecaddaea4fa20cf8fe3,脱,23,39,795
4e39c0ecab34c5b04ab07a6f841d1ad2db4f9eda,次,6,29,287
4e41cb3a6904e8bf7485408c798f838d150f13bb,送,32,39,142
4e76d4c0503764792f9fbd45ca8d32b03c5dd8ac,セ,130,29,24
4e83dc8843d8dfcedbeaab80cdc2e598de480568,術,51,39,338
4eb51802f916ceccab28e04b2515707a1c8bef63,栄,3,29,139
4ec28ac5c4e2f197d67f952defdaa6b887ca7497,既,23,39,632
4ef4e4a9b05b754ff22e180f37119de85538a156,配,51,33,270
4f977ff2499683b15e6d1db164b4eb8182b941c9,史,22,39,317
4fb997d6f197e55d2593d515d15b60b50ef37ba0,惜,25,39,629
4fbb2b28d530ff3fd9d2fec2325c60695fa021a4,ハ,53,47,201
4fe1b6fcb4a651ca589b2f3a6afb5b4574928972,セ,27,39,236
4fe3325cc82a8506d97e5d91096d742f7c379f78,甘,25,39,448
50104f760b93a0a912fd82e68c002fd9a2707958,E,113,31,13
50e4f5cf0b5f27d441bcce002a9795a01f8126af,鏡,76,43,172
51007c5889d0f6bb23487657931b933fb8d7b992,夢,22,39,355
511256552bcc3875bf57746b684bec3078342f48,混,21,39,566
5115aa5553951743d5a6ffa0c38020b6ca476972,魔,56,29,148
511648c02b8d3596a4f37855d05511c8436f7834,好,48,33,101
5149f52709f8cb432e31948db3b159510327bee5,は,88,29,105
518e257213299a28141f590282c164177b8159b4,創,2,29,316
51a2c672b44e2dc94ba3dbe21cd1ce562fd08ce7,止,32,33,192
51c8a15de820ceaedeb35dbe8537cb0332e93c10,『,27,39,902
520ba90c5f1eb8a1933061a5d7b9a408e2353a80,覇,2,29,255
521c88ce85e8fb354c1d3d8ccbdaafddd5bc66b4,建,1,29,167
524aaf1e6c9a4fbc95e138e2f1d1831416173d2d,お,24,39,282
5279938a1fe5bbd595a14fa1829772ef2acd76a2,下,54,33,249
528fe533dd7ba5dae7ac917094b7de0fbbc5da8a,仰,43,39,651
5294842c9af6785ac19000894072b4287466a00d,形,23,39,742
52b6d284c156aa4842b4ce49383a7ff97543b446,に,1,1197,234
52cadd37f32f4782448a5a3f0acbe1171df7ac7e,待,64,35,26
52d4240428c0a7e6ca591854587bc98a5adcf833,根,23,39,662
52f5e4e9f702011f189eb642b9036f7aef1ea3bb,届,29,37,130
52fb6aa38c9292c0c63ab3b0c8736eb751f470f0,隔,3,29,289
52fcb17e4aa7615e19959c2763f6ad9c46d11c36,か,177,33,50
5329d37467345c8a4d828d06ff2b7e1fe2b9a59f,武,28,39,648
53a151d73b5acca7ce4c0b0b452be2e22ce612ba,所,54,35,183
53f3e8d4bf8c290854fd49887840bf6195dcb1dd,着,31,35,250
53fe2885377f02d397f1fc4347d1250e8e2b9ef1,杖,4,137,185
53ffb1ac0a16341c619cd577e5e47e87911b476a,え,80,29,189
540f2dfcc833b5090afc4485e2917ea4638d788c,白,8,35,236
544bbb479faebcb83e1142ab995bcb65a6984710,的,27,39,641
548dc7d1200a07aaa6f829b8eb8f6919d520b2d8,祈,27,39,654
54e3d442737ff7e0b77ecdb4e79c05ea66059bc4,言,12,47,217
54e7da8f537e6290f9fbe39f4bbdebeb5643a09a,呼,60,39,681
54f5707b376d4a080130168e9d82b8e806d7c81b,う,162,33,71
54fc6eb3817b256e63a5f59cf0e36a8ca9ad0261,逃,14,33,251
55232ce0c5a63d9539f01b1c96f42004a74e0559,下,42,29,130
553a8ca3ceb0b247d77196a29c186d1147ad2a56,9,112,39,29
55616da1175e56b04d3e462afe6749163e1f6707,郎,22,39,302
55899a93cde68605c0c6ba1b66251cffa8606b63,り,127,29,98
55a49201ae4b1549b0aabcb131b451122e86d19c,快,22,39,559
55d4c587023337047966e60218b71cc340a2db4e,近,52,35,149
55dcc2212c75a8947b5b2c6dc1bf933923c35887,瘴,1,29,116
563891f6d9edefdbfa7d60e272ffea45af293f2a,く,153,33,63
568732ec8fdd4e754f5ff705e244da931a4e132e,記,29,39,899
56be31999d523b43994520be6c1b6d56a85cbca4,嬉,24,39,506
56cbc638c1effdcc1a8f0dab96a7232ad1ad8b75,ハ,39,39,499
56df588bc2bfa865bd113eb36fd1216d85b09c6a,振,42,39,792
57c5b284c866b616ad4f6e198d96d84319bba879,村,27,39,71
57fcabd6908760a3f243be6b4483e8237e0e4891,様,79,35,269
580b35a8e5317671feba07c34d0ce22e20079ad2,っ,38,29,185
584281140563958d9bd990145afc5b988d4da921,ズ,43,39,326
58511aedddb41032b157db4d946bf242a5565e6c,処,6,29,320
5886284c368b8a271af349a49219f0aa0c709c6e,遊,1,29,317
58977f517bb12218ad50f533f748bd26053aa0e1,書,25,35,253
58e8a1fbf298c3fc220573f769e89454b412ad5b,仲,102,49,17
595ec8d211ae9da2918a77fd7f8a91ea51f32afc,奴,33,33,90
59af64cbe4a2275800518e590eb1bb2d9c80f2b7,T,55,39,15
59bdb736c5600ff8b9268bb84f447815d0391773,ザ,42,39,592
59fec76b2ad5f976feed42dee6984172a7473908,四,9,105,236
5a05800094244a7eeddbbe25f47afa00cf12feb1,素,6,29,180
5a1618d0812405d2d35a288e0b8ed94417a5fca4,崩,12,79,335
5a26fb766274d4789cfc9ef55e57f879b361f33d,敵,39,33,217
5a2a3270a057b98456a9f072b9524d31e7e05165,小,28,39,164
5a77c8e1e100727a09f2767274d011c50765498e,姫,23,39,895
5ae1c74906aa01b41b84b154624ae16fcdeaf87c,入,49,33,178
5b1bef119e371574661845eeb38b9e0b9209a4cd,力,11,29,147
5b1f6db3bf50840b0f3db4f81ac497c8958ada99,巡,5,53,94
5b23fa08a5a329c64bab31a95f6caa36579a944f,戦,86,33,200
5b3b6dace62caf8be9eee52ab995a9375359a766,一,115,33,140
5b4a0bdec348a195c395c9b7efe5c975ddfb3225,境,23,39,807
5b614a544035ed336bb8264b404e8e69ae8da469,喚,5,1197,141
5b6f004780f5847e5102ea3cd9103120997727f4,治,28,33,172
5b7ad71c074fdb88b711f91905baa5e7e26dee3d,ど,9,29,191
5b9b1d409defac48f654346d7aa9e05d4ca88d0f,適,25,79,255
5b9eae3b10d6b8ecb8dbcd7ee8c5eb94fd13d8b4,置,16,127,222
5bc2b8f97ec69508a5992d540bb5827ec905930d,妃,11,35,270
5c4ab6fcfa887e41862fa420493bed92302f9186,五,1,107,340
5c867a13f4f74783c4c45b58672f3f7e8dbfdbff,懸,22,39,398
5c89757afbb36ababe572d653091e017a2326b57,』,27,39,903
5c8e9e58e3d3e2bda63f9b2f97d9d0980ce262a3,楽,52,33,293
5ca0df5bd898ecbc7e3364b8b67dc3a482f8ea7a,や,1,89,380
5cdc28801e665ecc29eefcdb3de3d01d096368af,い,181,33,49
5ce1082be810d897d56e9f34a69e208f37e844f4,色,31,39,525
5d0315a7d4d0d0b4796f6d025b5fe96f7e4aadab,海,32,33,95
5da2c9fcbce3641d8ec27fcf7277f43d3ddde3e5,縛,23,39,548
5dd065f5feae030eb68a85094b057807b25125df,マ,55,39,324
5e00a46ce99d130d666e243fbdba9fffa8cb46c1,菜,1,81,296
5e9240df86389ec9524ecdba711bf5482cd86dbf,ノ,39,33,287
5f65652b6a8d9ba886114c5a9e3545276f5c1e1b,案,7,99,154
5f9e613125d224f657bff47077c6e2dc40e4149e,安,62,35,39
5ff7323b759fa55a481b0e97d5831ae31c62e677,最,52,33,203
600757aae88afd3a453aa45ea399eeda5f2fda54,モ,46,35,160
604d7112f7a7a28c38b6d7accd393ce4fc8f5c87,閉,30,33,198
6064bd743c46830586246392cdf4d23cce9afca7,符,6,39,955
60b389fc8672e83efab2467a3fe0f4b18e3c6050,漠,5,29,70
60c231b3475f3682eccec8168370adfcfe94427d,唯,1,29,279
60dd762e2667ac585d60b1dfefec58d2c628a798,ぇ,61,39,433
60dd9220c5d6349b276a1cbec52653135c010b27,べ,25,47,188
611c218454d0ee9d64c67263907b4f18378ded77,常,6,29,90
6137fc12ac8a057a16b7ed4fae90ca90e126884b,利,42,35,190
61d860c30151074646f0dbece460f355f689dea1,へ,52,29,82
61ff81e829291b86b9429c16d637211cd647e2be,怪,26,33,218
62090fbba79b0f05a46ccb64a20e383cb6b239f1,良,64,33,305
6238ce9916ddbbcae42699c4ed41699c089dc8d2,竜,39,29,50
625a35a5a0d9997802164cbe42a8f96c7a917766,ク,175,29,45
62baa7cd1fe4be492fda2b57abe1f683754587ea,ひ,1,81,291
631982ece39702bb54929193d751334b140f73f9,ュ,100,43,196
632bbf6a8457edac9388e6a6af7bae8ea9d88518,毒,23,39,913
635b1582cf9385a7b665ce89c6236c41ab2f76c5,高,8,29,165
636f639af1b2ea2f9215bc47629b4734c8b550f1,屋,29,39,619
63caf7ff659e98695fc9f2594db91ad283b310bd,制,6,29,143
63e56210221a3aa0f086f9a1f769922a506dd445,蒼,14,29,22
641d66f5918c4bd1e8e76482f82ac3f96c1f3b83,欠,22,39,361
64462ed33c1c6bc0ed34e951cc2b5c35f3af6731,資,1,29,95
644b89bb3ff39414f036a8b8b74e124d1b6c60c8,集,30,39,303
648c73518019912311102f31be80ad60f6f1e4c2,者,38,29,160
64d67eb9deda462986c247c869e0f1031ba62f73,兵,24,33,99
653f63e6f3f155027d588aa01b2c3b4a8b9b34e6,戯,1,29,318
658ec4385d87e8c3316b0ba7df82289d7c01eba9,め,25,43,258
6599f5a6bfbf8f664967a49eaf7796854fe2d8d2,墓,5,29,71
65c02d8bcef669dfdb976f7d128ba83a2e49c81f,産,23,39,815
6623fa431e9acc05cc475c2091b5b7ebb1809b68,連,59,33,159
664ccaff654628fe8b0b9d28ea13f7c81dc59a26,護,9,29,159
66baa07956c2dad1261c6d75dd01d7627fa01fb4,争,39,33,201
67174fb6530753abbb1cf73516c64dea8e0391cb,立,64,33,275
6733f9d9e333871f27ad99e0be561426cdfef24d,賊,3,543,25
6763eb2f53dfa922da89f538536e89cea0f4b0eb,哀,23,39,723
6785d5eae6f7950d193d297b257e63dd0074c82a,用,44,39,311
679a8fd1fe885173d0bd65ba13e179b35bc324d0,リ,201,29,62
67c26517e66d6748346578271dbf9fe65c2be5de,鉄,2,29,207
67c2ceea0e4a209a61b3f6e3260aa26420c11f52,ェ,58,35,162
6849a316d9282afdcfee1580741876aee8d7956a,き,141,33,129
68534a80af3ed941c98194ac8c2ac7d62396d8d2,器,36,39,493
68792f94799feb778a50a1fec31e30c0264b4db6,一,14,29,153
68a0394f748af16b2b0b9727671fb27b20912bd8,ゴ,77,81,324
68ca368ea5cd5a5a2c8377dad88e12167be5170f,女,90,35,324
68d5ee61e876efd3beb3a45032ff928fb318b6ce,が,125,29,96
68dad03413f3232a9326630216cad567e1b1bcc2,聖,25,39,607
68ffc5d96f3ffa6c848276e89078e3e06a8a6ebf,相,46,33,210
6927c3871da8b013fa4c0f8ceb6bf6bf9dcdad4f,序,2,1237,96
697c53292e2d8805278e67530794aae6513550de,海,2,29,124
69841ad96875828016c5210c4e7d8170bc25ba0e,潰,8,33,125
69a3d18f866a245b16ef5b735477dfe844fe073b,：,7,43,188
6a2a43ec396f00126a3cd0a841693fe0a2dcb200,場,51,33,208
6a47ab1d19e8e52ebd7ac54b21ada71e97901eeb,残,48,33,307
6a7da728e8be1090771364275c76fc7d1358fe21,べ,49,33,83
6a989d15c85f2679e777b72d7d1ad3ecff3af6e4,救,50,39,925
6b1d252cbf5e3654c330ff75dc2b58b9d56e530f,紅,1,375,3
6b848598d6f729e8e9a92b5c3815e34b9439a0e6,由,25,33,301
6c283b5f6394d79c013b848e016e779bf173528e,妄,11,29,11
6c2a1592f22f53d49a3bedfdd0a36c261a22ea45,陣,9,131,82
6c3989c707b161d786ead68f4566a59b16227b80,ふ,76,37,169
6c4c207e6dc3dca78b6dd90b072dad582e6ccd53,独,23,39,258
6c4e74b34b81c8c794534f2e4d1738a92d94dc02,結,3,29,228
6c84b09c036455cfbd09f7de069e0f43274b0b5a,証,22,39,453
6cbee1325dbb58a841c1122537751c2477c5266c,ナ,126,29,65
6cde0fce3d3cf9f825a86d1834c7e4c7cab839ae,父,38,35,272
6ce2cd02f79a5d4ed7069fa6182d4ece9558e1ea,々,56,33,280
6d1c1514408cada4d4ac484db2c34be07f8a8498,服,21,39,463
6d37100658851b90fc52a977ffe04bc67fd9547d,活,29,33,291
6d419a255e58c429f8e097081ca98794aaf44292,霊,56,29,55
6d7b40f2fbf929d05145b6a6868391f185a62cda,今,108,33,185
6db0129e993d004e334bb9a2ea99659c18c2da48,？,82,33,33
6df8f75babd32fba60b15313b6241873ff3059f1,造,30,39,762
6e11f409d067e18efc2f6dd7d9408b4bdbf3d527,夜,1,29,112
6eb7300e76e835a90bc456286816eaf10c465226,砂,5,29,69
6ebd9b9cdd046d6a09234ebb5dea1521c9265588,ニ,33,35,306
6ee62fbf4b2a143a91285937ee2b71c34333560c,封,24,103,64
6f02723e3762abaed506c94a331137606ddae052,声,6,37,136
6f802a29013b1d759cb996defd9b7049ca1ce158,加,30,39,211
6f9087f15199e2dda334bece55880a7e92ff46ca,ペ,79,43,216
6fb73470c12f502280ef342260ac4be9651873a1,都,24,39,939
6fb9aa1d073f93f03a775a8e6a99947db7e214db,ソ,18,33,78
6fca9d5015d8c66092924eadb12726e6420ffe4f,談,7,79,312
7114f7590284d3b5672ccc79863069b0adeb7698,執,11,29,12
7139862f2e2adc5ddf21014fe763df787c051ea2,返,36,39,195
715482069a6f791bcb2d5b010203cafd648dba9c,暴,5,131,59
715acfd4551ca14f12d3e2bc520e5d1907444994,不,65,33,314
7163b5551a09aff10eba4d4430286b259c4f4383,確,40,33,257
7174dd85bdfdece7ab151754e6e0b36cee13a38f,ス,83,39,672
720c3fe272b8ded9e4ae00deb9565ea7e67122b9,尽,24,39,798
721201fe1cf7d9e930e9c5b8ca146b6a057a3197,町,26,29,1
7222d158cb21274841db8da3ed3800a003a333ed,？,73,37,97
72785bcbec2b7c86f63153543fe67a39a8d7f2da,せ,126,33,139
72ec18b89d08506e1f353ff552da75f5fcfd10d8,工,1,29,239
731081794d3f97bd75812dac3024948279e535d0,靴,1,89,383
733475cec1f7e130f6bbd084ee8215460b72ba7a,結,35,39,36
73371b7e19d4c2075f7ce0cf8c195cab3f606283,眼,2,43,160
734e9c621ff17b4d7e7f20e7f9bc86fcd44eac4a,創,28,39,761
736724d50e9933d76450a644451ac4b45d7126bc,メ,79,33,118
73d4f5de21a2908a5337fa55db63a0eb55eecf5b,あ,148,33,59
73ebdc576cca0c0c799f5b09dcc7c35a257719f7,並,1,29,215
7413a37eaacf8a3fae10de5393e34dcbc691519f,つ,17,29,107
74bb2d83ee8ac0d69729010514b013c7e72fb180,弄,5,1261,17
74e5cacb3fd57eebf0426b0574ededdb07c68661,わ,141,33,69
74f95ea3a5b6811c04ce5ce090551b81349c7319,墓,22,39,520
75363d6634d1b8d74c31c823ed4828de37afd403,訪,25,39,430
754ae4ac48546edc2be58e0de0aa436a3e40ea05,責,26,39,553
75cacc155c6ce62377723c14f9ebb5b5f2f58b19,が,170,33,43
762c34bbd63f1b55b2bb750a8c8f096ed5ebea5c,煌,1,1131,9
764583198f36961e95908f14502dc62f7b928e20,葉,28,35,305
77124429860bde3f80f85da3d0863cb6d08ee605,降,2,29,266
772cdd0136401dce88662f2b47f4dc4926856ad5,扉,23,39,661
77801eafaff3f3593b23d676b43e06b39a7a9b0c,も,159,33,52
779b671ed7984978fae797ba2093d4b000107b11,究,54,33,220
77aeaa582da4c3e965c57792608dda1b61796974,忘,28,39,436
77c3e200cdf42799848a38427e9fbd2ad6323da6,落,27,35,249
77c3e5d6baa595ba0110ea578605f5547a291198,冥,23,39,577
77c74ced1b66bfc6f28935a1a7c3d8da296485fc,冗,7,79,311
77caa0cd77c983191ef33cb90daeefafb31ddee8,盗,27,39,753
77cde2ecbd2cc3cbf18135c1121d691b650affb9,久,47,39,916
77d31f260d738fd5eab2f43c31ec72d5e7e7c623,理,47,33,300
7814a308f21ccaac6a4be9072ffceafe3a8ed10a,荒,1,29,297
78c23d555b9d800dbc36b5d2c674a0babe4c0cd0,の,3,61,14
78c958236ed9c9c2a7dbe9e4c9f719c4b46e8ffb,民,14,29,179
7934e4c334a7c3e079df8eed6720edf1ff8523ab,踏,2,29,242
7a29a942f6f8f375c238f2ff50c4b0a3f7295056,奥,7,63,70
7a40d5ffa1a66c54eeb0f25d3d24c8f8f68baa73,廃,1,29,249
7a63edf7f0ff9cc874e3ee61dffb6e5046849318,眠,2,29,304
7a8a3f0302c84849a5d2cd04dde3e1218082fff4,欲,33,35,170
7b0246a1d28f8f30efbb56a87376d81498375536,頼,58,39,926
7b666563248ab8239dd9ad0da1b86fcf3c2fc1e5,負,50,39,763
7b880a185f9cabef15f428b02042060f8b6abf9e,花,23,39,779
7beeabcd3cb292379e03df20699f6d2029dc1dd7,木,24,39,601
7c0efb63c2d16ae18adb9e32be818426df46d9c0,鉱,12,29,20
7c1a0524d304607f54c1204be28b2ce678850da9,外,63,33,234
7c2337d54ee6c7488d4b142a822640312b9c20bf,襲,35,33,89
7c468fcbd72df5cdb00376e772d74c9d8ef4c665,怖,45,39,756
7c73145514d087e1b8b89b5c39c886b628c3f0b7,亡,36,39,507
7c94ce98b2abb6bd76ff66b39930d95b2a144ec7,仲,26,39,227
7c9a68fe4da23bcbb004a5a4e54477de7d716668,天,1,29,301
7cbc7cd779bf948528b9c2a53d767870fd54a366,娘,24,39,799
7d444e9809f9bac1c608a2e348a2f03b1fd610d4,召,27,39,575
7d5eb97db25e3324cd2838346c6d0baa4e301711,尋,1,1299,303
7d9439078ff4aabba53b31cade1b16d01812b891,暗,2,29,265
7dd1d9b3deec97c4529972a9769b73d68c6dfeb0,本,56,35,166
7e43de13e1a11e7e2ff6f9e954e741d4bb1071dd,く,36,29,127
7e4689adc4f9d5170a34f840fd6834eb50932eb1,幸,26,39,460
7e5ae933c15004164412781b5502d105fd2ac755,元,7,29,288
7eabd5fabbc8c2a1907d0ca7f599d512ca751bfe,歩,32,39,308
7ec503562ffb8b2097aef6ab5a91fc2f6fc1e7cd,殿,92,29,40
7ee016d81a3b4ff9b2d85e1fbf4556baa0e8d593,カ,58,29,51
7eec98c878654eb8c215fd9d671de6d28b6229f8,周,23,39,449
7f31f9a3faad026da867b6587c036660d786fef1,飽,1,1283,71
7f375db1aaffc9d6aa9e9cf81ae4842057f86360,息,24,37,111
7f42897cf90cda07c00b548433327d4789ac24cf,重,7,49,1269
7f4713527003342b4a438e5c5c30899fb4bbe077,超,6,33,263
7fce8cd93454d3eafdf25a51416d8433af425f44,構,52,39,37
7fd6ff4e6631d17532ddc03e70e6376354977b3b,手,314,29,326
7fdf8714cee24a6e901757b0c9f0c2cdff89fb2c,の,181,33,41
8015a5f8b8d8ce71614034dc91da412ecabbc44c,栄,10,33,156
8018319e02b658b4faa857495b2eee963ff121fc,国,2,29,81
803a485043d5f70ca790bd7cf34c367e19040390,テ,57,39,974
805a108a975be3039f5515b3585ac991db83f77f,人,103,33,169
8082033f0ff9057eed858cb1b82e9ebab4820d1c,刑,28,39,732
80a1c9af50089e7fb374e7183f953514912e4506,ウ,43,39,218
80c5364f7edbb0700b502a0d60ced4d86302edae,そ,13,29,268
80d23f6eb05ba851828d9fb9a0c6c8727f1d79f1,誓,1,401,132
815fa7d34e5b5fc865f5e535d92a6b1fd1a9c19b,決,35,33,212
817b1ecdc852199548ce8ce952c79863ca566104,器,17,29,246
8199e57f7c5ce25c659b71742affde5aa0a5df56,宿,37,39,844
819d46bea9af37045319b1c29833ab2cf96411f2,兵,16,29,245
81a90febed831427651a8d3926c748c922d1511e,ぎ,24,39,196
81adf1e1e85a54bb8894a9c0ae96ff8f64d457f8,護,56,39,541
81bb6767432382182a348ec13a86547cc2dfc82f,2,28,167,128
81bcf1c957211718f639839f724ca6b898c0505d,師,51,39,664
81c7cf4792fe05e9cc08af80711a0e4eedddd99f,離,36,33,285
8227667245f9c5aaac92b3f09d49993a4e493378,で,29,29,182
8233dc19a28e4548965b84ee07c58711bc1ca6ba,違,43,33,229
82751742160a020c84decced03d900a0453388d0,霊,28,39,472
828c7e2b2573c360bc66c377c8e2bf40cd702ec9,引,4,29,277
82ab07814214036fec69d15fda30ba11a5e620e9,中,53,35,195
8353ae32f3d2e266adfc2ada67fce07bb38c7efd,務,27,39,699
835585159853d635b379848ba357ba96c59f989f,見,10,29,186
836ed44bbc6b10296850ae412077d4ceab2e3092,以,34,33,233
836f08d42ec975d603a4a1fa6f4182629a373d96,教,3,29,261
83c9e9c50afd66871cd6a0d38c31467b79941539,ぁ,40,39,440
83da41cf31d0d8c7213b5d24e90e7f9e74617e1d,へ,75,33,150
84368a07763e027e64a2315551575d0d0257ee3a,月,5,73,10
8438078b922a17903f600403fc63b66090403b3b,伏,2,137,89
843ea4559c4beb82592b86dc086a5713d2a6ccda,緒,57,39,637
84ac0d9779e5005e621cac518da92ee2b6bc61db,精,34,29,54
84d36bdd329629189fd870fb4244b38a369d909a,は,172,33,38
850d2e0785c51dea5dc8cd63960a1a179fb2de36,秘,33,39,834
853854d05ae383c46c5c9d179fdcc909cd08e723,繋,1,29,282
853bbe3e0af9bf39c6beb9b1e34ae77160143673,材,27,43,59
85b0f958834b3a41159da5b0842e8e551ebb6bbf,尾,2,37,155
85d83d9ccff2fedff170d5aed6262d564c769416,ケ,40,39,976
860e9254027dcdf7ebbde6992fc750eb3582c699,土,7,49,1225
861ef1debe9380442aeca4899a7f68e0afc2cf68,魂,42,39,224
862303c223b90d3276424ed5cbcc1e40585f2a8d,鈍,24,39,808
863283d021e86ab26e4173e2808a3d54bd5b01d5,従,23,39,827
863fbf0fbdfab2c0ee6eeb3133f1e04ed3b67bbd,陽,2,327,3
866050cc9581d81767a4d148e7046f86f623279f,三,33,35,208
869efbdd26d91759fbd046f29d3d891cc46f9f7f,野,24,39,301
86f2af96cb190d44079645e8f678fa40e57ab143,ゥ,20,29,18
8718bb4fc6f0a23e30402035ea065e9e4574bb82,告,26,45,74
871e4b7fd8398117eef3dd80086cdfcfee9655de,前,75,35,254
8778080ef915c3a3b43091a50a6190738d17746d,め,127,33,179
8779047198cc0703904793bca921e1a14d8a7362,伝,49,39,724
879ccfc79f100db872865c6c127a7fcc64aa516c,許,36,39,212
87a438e785709b949bdd7d1cff6e19d879413c25,王,92,33,167
87a97c8bc8fc48ff9ffdf5b71a3b38f5934dbf63,払,31,35,112
87ab15be38327df1b6640b83b2a0dac1961a53a9,ぱ,59,33,103
87bd696565b5a685bace4d53d7c41c7232bd7e7b,局,23,39,475
87c30ae52577c45a97959fcfc0edf35ad49f9094,デ,179,29,4
87d899f4d1b18d0d315afcb2ceef883967efcf95,我,71,35,303
87f1d666cad6ce04cb9685f969e264244abd32e1,航,8,33,145
88592b8f83e20950714e969b9b698b7801ba05ad,1,122,39,28
8870c52e8f581150593a075bb0f4c94e369ad8c5,反,27,39,713
88a5825ebe796cfe8faf6890def95a270eb2e860,受,36,33,231
88b145dac56e933e1fd356c2396c4e86b7878c15,手,91,33,127
88df98241bbc9c5712b679399a2682c38ee058a4,陸,29,33,180
88e9b8b479eec30185c1df6ab932820f38a22511,輪,28,39,505
899ea1af5f8d36d74fd2b5b5bb041571e2552617,ケ,27,39,438
89cfea0acf1549a14e1f50d7c5cd37938435be30,選,33,39,109
89eedd2e5e113619142878dceba6f3c396ba9183,殺,28,35,225
8a2839180673543f6545de06c84ef9c1168f341f,ァ,55,39,498
8a3f5127f6170523d7bbe1c7075cdde9b9e77f46,過,59,33,267
8a899d6180b8395c0167f06e303b566e9bf050a7,港,6,33,303
8a8aea67d478159d8782deb79b4e2e971b72def6,母,27,39,532
8a965eba5bc08cfb3cd256f0b4b5af9c58dbc77b,て,176,33,31
8aa7a5b2d0c0961b0b9f1b62a3883e76d899b40d,朴,1,29,181
8aa7d434da1e512d58ce297c02fed4d273c793a5,ラ,307,29,36
8af038509f0464c989fa99360c62fb2fb8e35f2f,フ,78,35,161
8b40454fb31c4b51cefc77d3bb5c5197cc9954fb,刀,3,107,339
8b6b0c20e5d6720cb6355181eab05d80b9d23cb8,ヨ,18,79,240
8b6c346aa820c4c1b16a9e141fb1aafdcbac3698,プ,142,31,84
8b6cb5e66bae83f6ee1e26299f83d172cf4aae30,だ,156,33,56
8bafaf335f7e46c83ee85114fa0fb53710670bb5,後,68,33,204
8bb94e370ab0298eff1474da2e8241972b371264,男,31,33,174
8c58aa59f3e3774a4b415b9661cfa5d660dceb64,量,3,105,307
8ce5d63b35da6ed572ba085d553c5f0cbf898415,カ,41,33,104
8cf883445007cac430b2fd255bdb513cab09adb5,ム,166,31,40
8d0c5181c99935ccf10597ae9d170e063e1c31ca,在,33,37,80
8d0ff3b06455f7b9876902e5334ee91dafa5dd18,酷,22,39,450
8db2887356e1de9edbe320fc060d51269c3c141a,機,1,29,223
8dc3d1244a19a14f322a9b3ee978257fb1a833bd,ロ,76,29,46
8df843bc2259388ef37af3d050f730097fe3992f,重,28,75,28
8e2888d08ad1d2a48ea6ec574666691d981866ba,半,23,39,380
8e3fc48f217019cbd3c73df56d86f25e0d27d15b,誰,1,29,321
8e44935c0ac7b8c2066c93b8b9fcfe125c9b0793,宗,1,29,260
8eb601cfeb9ded75b84fb0b735e113169673c4a9,有,26,39,56
8f6559442c5e8df3799500438c734a9e8274dd0c,御,21,41,181
8fad38dc2418affa02f305d18627445b91c65128,主,37,35,302
904a8e1efd31176b6428cd634c8f774faa962d09,導,33,39,645
90764d8bbff23b4dbb0b57573f405682624c35a5,元,39,35,318
90d48d87afdbaa5a0059e090ca676abfc4862a3b,感,1,29,323
90eb35801bb53894df814813aacdb76584bef400,パ,100,33,36
9112279b84eb07fd2f49a15062f3a40bec507327,験,8,79,304
91309fae68c0502498c81aee92cc6bb8974a9dae,捨,27,39,639
9195914f5f8ab9f2744c80535b94d6da3703b13e,普,27,39,304
91d0922a4a07025818e32237dd4da35121228f96,題,25,39,257
9217b013138d0bce9f67ad99c7db3ab5d247d3b0,通,47,33,18
92187225ec19bf7ae7c497c3045d69339ccfe21c,期,18,29,84
925797a141a3140988bd4c080d90f021317409b5,際,10,119,226
92658ccb2142d3057ea7e5809a9842769c1e2571,ッ,111,33,165
92a691e4f6399d73b9242bfb58bb19e50c970a79,思,93,33,162
92b4d0b4f9b2d4f9314ef2690fe8f9c9454bdd97,働,23,39,814
92e1ec158f0e2effb7c7cab65dbe657253e24e4c,レ,102,35,159
93368aac31b560e270d64846bccb0bd95ca4a6ad,死,14,29,253
933795c531b0a471dca7c8f4987b92440940ddfc,コ,10,29,61
936d788365bd0dc5749457f86fde9edadb9aa168,嫌,54,33,197
937b63b269c2737d7154ea43237cf1d6cb65831f,…,188,33,75
93834b1c3850ab8f915239d59b8cb52569f8cbaa,動,45,33,194
93f78eae40a9de9836a4f24ec2e037812f3d8e18,酒,5,45,201
94338119d55045d7deec86f19e999a6f54a81464,期,46,33,143
94c179f2d642f153513f773a0e76dd74b169dbc4,意,41,39,265
950053345aaabbb650608bd05ff39ec452ce2678,凄,36,39,774
950f62a34e81cf333f235e50320d078e22eb10c1,巨,1,29,128
95299482e4fc6815fd0c15cec645b0077cadf03b,食,2,29,235
958693be83d7d97ae1f3f74dcf175d5b3a2aded5,喜,45,39,884
95e03bb15016d0f1452e86ae59403372a7561ce6,守,3,29,158
963c65e9c935963d3b63504f0bf871dc6af5a816,極,26,39,306
963fc8859c4c5c9a70734ed1d1d58936a905b8b4,産,1,29,209
967790c7231c71e5caaf71dd2c995f542df69f6f,ゴ,44,35,231
968656052c22c89169edeea4f317b07330561199,明,34,33,54
96a0aafec662f977873f4348a27403c512eeab43,免,11,41,182
971d7014be31c785d3707b0d48d4ee360b8c92ed,ド,99,33,215
9755e8b5e88e4c105fab32d60b3e2fdf37b961d3,モ,22,29,58
9763673d2bbed99511d0681ad274d4bc180b2cbb,）,113,39,31
977dc15459c3e7a1378989d78ade2b8668c85fe8,軽,45,39,605
978ea5928a590d87dbb41d4650f3968ee88d7a87,状,26,35,137
979248bf92316942abba394fd467ba8b609d6cb2,等,28,39,568
97d95a13ccead0bdb3bcfee20047e91ff198fe36,ト,64,35,174
97ef11218ce70b99b0171e7e5a1aab55659db4a5,ぎ,66,33,268
97f5a792126f7c00410879acba26b9d9546359fe,谷,7,29,75
98244fae437783181a63cd5641fb5439380e30f9,広,1,29,305
985c8a55290ab5be1bca4dc4a97ee5b68c095f23,2,23,39,425
989cf9815638a1596790ef581c5d38d81916796f,況,23,35,138
99101ed2baad7601cbe4e3b86aab9f8a2cd73509,感,62,33,112
99345f5dc93ec828a03a245609762315b758999e,役,49,39,402
99a94d109f23f771dbdb3ba19b33002c1be8a68b,当,63,33,308
99f9155b77804cf02e26fda2930f3ee9e2b06f63,鎧,4,43,218
9a6a54117bcec9842977358aab4e0c1dfc209733,口,32,39,432
9a8ec0eb66ae892a2216a021cb7b84fdd9733bf8,狩,3,37,149
9a9ef69576e1520c69ab470c0388edc0a0caa907,誘,1,29,193
9abe0f09f2490ff55df5dc8190c613f7d1d4b586,騎,24,39,776
9ad6695b818896c6ff2fedb395a340e613701cec,城,40,39,542
9af911c90fc821003c4c60389594e6334bdb0331,ダ,101,43,215
9b6bf9926bae061a4acf70bf33cd1eaa8c96d39d,ぜ,90,33,256
9b7c453ec380cd2d4236659fce9289f61813cc79,心,6,29,210
9b82b7b403bf57808f8e7b042963127865810e64,権,22,39,554
9b8a6a30bc061cc32ce9eb3fce7d1062088e1b93,騙,27,39,310
9bae44540374f84de51d2b951d31931cc51adf4e,イ,81,33,105
9bb61114d82e3990ddddaa8b2d073f9e16490128,束,23,39,725
9bea3aa667480aef58cdf8e33ea02ef3f1b06774,！,64,1195,5
9c188d030a86ad5a7b027def483ab728054004ac,像,11,51,13
9c2c750001f977d327c6da00ea73f7621d78a941,そ,143,33,60
9c80b7cbe237b859f4daebde505af0f4e3571a05,礼,33,39,906
9c95200a5ebce03051c5d3d00d3f88bdab936c10,殿,31,39,202
9ca64cb6dbe34d02f0c221293baa4a7830b70146,ド,232,29,25
9ce535a50e5f6618d0d596ec9c692b2cbf84c868,失,39,39,697
9d196c37788a447847a27bb535f3cc70933d79e9,多,8,29,195
9d3b0639d5e9d0e9f49a313edfa65fcbe56dc168,願,51,39,204
9d63e8135f8d69e7c84aee556a2c78f24b453080,何,130,33,133
9d7c69333c482baeb2eb2bf41ff68211a5bfa0a8,若,51,33,306
9dbd0c8b49e93db31f96afb336a6b40c804473b6,倒,34,39,710
9e12cbae9b29c824bc685c1887282f49598ddd2e,労,23,39,160
9e32147064b68d3619668608fdaaf43f103e902c,る,123,29,135
9e5461764b3b8c0186fe0566d94762020cdf7bca,賊,26,33,96
9e834eeb084c8b6a27f912f6f904c5199b5f5fda,苦,25,39,159
9e9b62e3575c1cc785df9dd48884079aaae436a4,聞,64,35,83
9ec022eabdcc6e671f208086b8564ac972ef10cc,皆,35,33,294
9ed584bca81ff5d14d63f7afc2955f7744b354c1,勢,24,39,556
9ed8c7c3cc9ca4a0337c4fb0893dc0b7dfa163f6,途,1,29,203
9f12c1264ad681e3d57ab50355da0480703ada37,エ,70,39,148
9f4342ebbc62f0809f5931b859098e032aeb1879,余,35,39,275
9f5d8c75d07d8030a27d578106ad62bdc3f5c6a7,同,45,33,273
9f6d1d880f48c44486b332e6f6ecc361e55276d4,存,6,29,132
9f776e37add775ee7906fcc21d3958ab09452290,じ,9,29,324
9f99aab1780d39037ab48e56ea11bf6e47ac496a,死,62,39,283
a0234459ec68867fd1ab60e779bf6b489dc991f1,絶,6,29,240
a046eec7851e1306b0799037badd062913b81e47,会,43,37,11
a060cd95f7c7bac7a04dd460d53fe1bdb7834919,方,99,35,175
a0841d966a67c1b1af32377356771a112282e9cd,を,178,33,45
a0e4ef851f94e1e0625bc3ee2d85db1723a5dd44,バ,31,103,1036
a126e85c319e8259bc441a4575046e38f9770cce,地,33,29,129
a174de73e36ec4a6f34b23ebddd89af0957b5b06,ベ,112,29,26
a17b89a6d28a5d4c20c1a6307044700f0922239d,ガ,70,33,216
a1ba8e910d25d196df61baebddf9bb7bb69b31fd,み,92,33,79
a1bd3362f9bc8bb96d114ca86d4108f4553d91ba,軍,1,29,145
a1d32d9081465e2614533a2472e80f42e1010640,墟,1,29,250
a207ab83452af404029e6dbdbe4fcefe78acd71a,生,53,33,290
a21900feffe8936ae242344d1a93d9ee01f32ae1,ィ,121,33,35
a24e26db49f41b5fc2b96c973b9e47fc220ce03d,研,1,29,247
a27caab1d4301e553d8053123c06981918150721,俺,78,33,87
a29d2bc2c5320a1ee6783cd3dbaffe1d0eff98f0,図,1,29,325
a31350a9adbef495af3a2af731eb90845eb4b08b,気,116,33,316
a36366c2de510b1cae3ac2c306fc7c31697b6386,誰,43,35,227
a3830391c8b55fc50b6619077612c12398b92ccd,鳥,1,37,166
a3cd3f577b097fb9c97db8882e7c89a1445f9d64,ど,140,33,73
a3d5ab69e6eb74e712dbf3d0da1bb856c679e24e,石,38,49,134
a3de57a353ed80d82e2665fbf3d867b544e655ef,封,26,39,381
a3e675ed19348472b3dc2f579cdf6eeaed52f2de,暇,22,39,133
a4b08eb210181ce471a03a834f6b908c85c2c7cf,寒,2,259,22
a4f81cf8e75474c4f50a3b371993b2924c449bd6,頂,26,39,327
a5412b9b0cd2b9153c8afeaca44bc109c74460ac,サ,51,33,166
a58ad3f05ee185f4b96d57d6a11f7c374f24a1b4,弓,25,45,95
a5ae262c56fd0fc34a96f4e763ca93f6178373ec,薄,2,29,264
a5c8340cb88544a5c1aac4e359690215f857582a,）,10,1195,30
a5d553cf017d7cbf415f7b6515b0861c0fd0f9f1,永,27,39,766
a5d685fac85fc80684eda772b50b1b10b4cd2be8,次,29,35,184
a6373f8dee20211007a76d219b9b0894f2bd34ae,キ,58,29,64
a6d026db6db6fb218786f123fb62c08b59986a24,陰,22,33,158
a6fc0864eb7d85debe59c97686a54195319a02d4,破,25,39,726
a730f457d71c7cc7db39ffe0cc4a70f30eed044a,弓,7,75,154
a7e64bd8831eddb29da49ad7663b7e0b371ae17f,狂,1,29,298
a7f163a5e9ad75f12130735f12a7b3170a3e414a,広,25,37,13
a85ffda868a36317aac4dade03d905ae8ccb3a70,想,24,39,896
a86aaec6a476e3bd3fee216218724afdc52e42fe,角,24,39,738
a8787572f018ce43e8d07e158d7c9db71fa29e5d,困,31,33,170
a887a9216b743e08df34e4f927e2fed830989ef8,掘,1,29,218
a88b4943abe4a572aa3b6d7995494db127fe87c9,剣,46,33,173
a8bc76149607469fb13cc544536fb2f0134e1715,被,23,33,107
a8f69bd4f7bd1b71402d424e7d0e7dd09031329d,半,1,95,241
a903c90e72bcb6106b7788ff0728fafac65dba28,に,172,33,138
a92605e5c91d160956e34280b24e227a8ac0ced4,邪,25,33,297
a926d3f44972f6f3b3b76f97538daaf43df1641d,首,23,39,787
a9518490d136a4c519c1cc49a857bbf372fcba5c,ぶ,7,29,216
a989e708309d991a736f69be5754aec64c1543e4,如,23,39,718
a9b2b38defe210bc24da727e29283a07b5adc43f,復,27,33,144
a9e9e75908e855dc5133c0fd917a1b83c3030692,獣,24,39,790
aa4e9584d0955208ce7d68723f4834ffbe9b4b0c,紺,39,39,986
aa9e05a6f36e6d22ea74485b0944f9d822ed1062,投,23,39,703
aaa6252228929425ea96e76989cbc9f1a04da8a3,ザ,153,29,76
aae2a0f863333a4f531d79f1addc910bdca648b2,上,22,29,38
ab4958bca84b4015d89e181595a37235376a2727,異,28,39,848
ab58806577e7b36eb93219862ed36734352122df,族,31,39,813
abec43a45ef75ff08930e6b302d771738a7ff463,ン,290,29,16
abff1c07831028f3adb35d3fb3d228fca7c3049b,端,25,33,196
ac2642bfcaeda71ad8ab6e1cee30c28e54fd99d2,レ,198,29,57
ac30a6be68fe31ab738648849b03d86b746a75ed,品,33,35,116
acc62f04c12fe1c41b5bc8edaa55bb459b7efc57,ミ,124,29,137
acc6eb6a6d1e4241c4b476672dad0ba02338ef57,味,41,35,312
acf85de3f52641ee32e3846514c614523220e7b0,錬,9,43,175
ad1822251fcb892581122e08ad5348c2dc0db7a0,ク,68,35,126
ad2f3759a94c882198da05948101faaea83012e8,館,11,29,13
ad7a178d480aa2b4c0e64ff53fc48fa197d64a28,ニ,60,39,982
adcd4fe1a244a8604c4eb0805decbaef84bdc0fe,塔,28,29,79
ae04c8adc2950765de784e149476163534f973fa,中,12,29,204
ae1070fbe4740191f2eea74f32e869017cfb12d1,水,90,29,37
ae189e1de6a3c5efe2a189d2c3567501647f580d,第,24,39,279
ae4b419ba2d2cb42c81475714bf073ef2c3bfdb1,性,38,39,673
ae6dcc17a6b08252e5616fed11fc312569a7c4d4,家,37,33,246
ae80530b9a9f1acd2836f50eac09be7db3ceed14,体,75,33,141
aea2825fc4e272e0ba37f2197099b363b0f9bf6b,時,61,39,186
aeb1996b3f5e001089a03fd5e577785b9312ca2d,狭,34,445,4
aedd5c23c9e2c28c4ce6046a85bbe03600d717e1,噂,43,33,221
aee34f7c614a2f257798abba1c74d96b7c39fa37,内,32,39,898
af03ce30e1e030c0bda6f325987a076153ad1e99,光,8,103,72
af11cf540f51e719d01b1e85fa07205d1b5d9165,ウ,136,29,34
af5da2b2b1bd15178c5a4e69a4df27f978c134d3,雄,22,39,492
af8215fe7dd46de0bb991c80d05d5e46d88ca12c,約,22,39,474
af836307f0026afcff424f8abf4077ac0b0dfa99,挑,24,39,891
af920694f7d751f16bb7001d0c111d1aae9de19d,乱,25,39,347
afae013bd7c19e64bf7ddade120fed084f7b96e7,継,1,29,229
b00443e4a7ea44b165e5fb7df1d2f12fa0fe77a5,悪,40,39,232
b071d95be292afc9092f694b7699478f477b41b6,知,17,29,314
b084cc6d3b50d9723c2e69c6e37b1cc15d6ae399,、,28,29,103
b08fd42b809e53633d651c2f35ae4a3bd06e708b,々,7,29,284
b12f80520645cb5fffdc1f7f446e7a80ec099259,化,26,31,75
b16cd4a6b8837dd68aa97cc334a3f4166a3b54f8,築,1,29,272
b1c1aad85a97ef74526a9b3d82195ec19717d743,必,62,39,167
b1c684ca2fdb59d9eddbf5b5810cd46350e46cf9,能,53,39,657
b2105cfff9c61d7c14134774eeb3f4434334d694,売,30,35,125
b24a24aabb28c007ec8593fe844bb88abeaeed7e,虫,23,39,828
b25b2a888a9d53fbf9eb5bd673892e2a812e77dc,未,24,39,209
b25e33f3ceda4b77dd2cd1cfe26c2998d6eb3e92,お,134,33,157
b267d2ff3a40b8954141338da1029bc5b0135f58,軍,29,35,288
b274d30f9fcadcfe1f235a11f713b5af67ec4d75,至,1,29,303
b29aa5609c98dca8fc9e9dca730762a1ee1e9b06,驚,28,37,189
b2c43100c414e6fe5375df064b9c5eda157050ea,繋,22,33,134
b2da75dab1771c6d14e00becb3c948273c5863a1,溶,1,29,236
b32c99d54959ef1ac82c6a0d957e7bb1c7855b05,参,25,39,521
b3754106447b0ac5efe7f019c597da527165e002,も,20,29,108
b3dd450f2f40782d54e1e1eb612e77ba8094d436,頂,1,29,166
b3fcdffedf79230562478cfc2a24bb5b93cd9b75,ッ,230,29,53
b431db9b426375c1c6d034f99fab3bb0c23590f3,林,13,29,48
b4325c0aa21264faaed5742cf0e040492ccf7aeb,謝,27,39,832
b43dcd2aca5b62cecba3fecfb0649c87ae0a9132,年,41,33,309
b450d971b2b0d033f97238f2c7284653d866db56,幻,1,313,250
b463c03397709c494517c8e1e22014fa4ea9a3b0,寂,22,37,196
b498074009cf6db8d44ed7e6c4aa4efe059baee8,ま,155,33,58
b4ae8d8623d16b5596ebe2e945dfa4a8176d7e2d,ヴ,61,33,286
b4af864990b868f27db72685e5ee1e2c51aff755,詮,24,39,359
b4b0c584bed8f2247152ecd80b6f2beeb5d9b5d6,花,3,89,55
b52e61088bb12349d60a57e2781cc42b3934af4a,槍,25,53,137
b5501605a4ffef51ef0f73e5277a806bbbfdab69,覆,1,29,262
b5aa0d095e3e2802b9acafe1c6c86127294afa65,無,19,39,952
b5c09e685df969a861db696e8758621717ed20f9,密,2,29,122
b63e5abc5f217c3f0f5ef165de18f996da59bd50,順,22,39,330
b6507798355cf2198f5bf7bb0cba602250c76a8f,ゲ,88,29,19
b68d637e925b7029efbeb414f8fcfd4d31c51e4c,ィ,249,29,14
b6f98854a27dd515a76b774415a2aa99588b01c4,横,6,1197,47
b700e825ee085e1fbe4bc2c01b78abed8364197b,説,22,39,646
b742e632e339c3495b53f620a2a46c6ab9d14292,ろ,115,33,67
b7d4f498beb07089f35bc11a10065922c13f8090,踏,26,39,708
b825c33df5d77514b98d146bf85a1c34a3c77119,デ,123,33,34
b8ad763a3fb8b04d5a0005dac754e9d715b257fd,ろ,10,43,259
b8e2bfe97558e8971855e21047c76eb619ce1958,出,94,33,202
b92125ff30a2f64def4f7a525de94c6067bb1aa0,似,27,39,856
b93e4b64d9575f99a9cd2f67598f1796ec58d964,採,1,29,217
ba7db6318e7a76361673c91f1eed62b08dad7e5d,亀,1,29,310
baca6d8ceaac7fff1dbca8f0a9249fd7304bd17d,眼,23,39,892
bad59a68449fe3110d4777a6d5aff6a523ea1f3a,幼,25,39,625
bad7a8024cb6d0b87a94481e27957fb82a685044,奪,9,35,133
bb255a91a8bfe85922d92de7945d4677ad7aaddc,上,72,33,121
bb6036bfeea928ac288f8acc781239e3d6a317f8,乱,6,29,99
bb69a6faa1357f24b57c3dba9437bdf9a2a67581,虫,3,79,342
bba3daacdaeb2b27a0e01927e66e405ddeafa541,兄,22,35,91
bbc8f5aaeb580ca54d72eeeb0e99dea81abf7f02,故,23,39,758
bc1b3f2b7dde7a29c598dc592283f1807f37166b,廻,22,39,573
bc452860f22b6cfa076286603f88faa0250c09f0,跡,25,29,30
bc556d29e0e936c28d24f3446a8683927af9e787,場,21,29,72
bcd011a255723e7c47da29eb9877a3b0628dc633,助,35,39,184
bcde360ef39959c69659702476f5ac731c8b86c5,B,3,1195,192
bd2a3c55b1369a190c00f5f6d198d37998bce6ee,永,1,29,291
bd3f6738a5d624b02bb167da4b9904ce7b1dbe70,続,34,33,283
bd8a5c3b324973ee62b241650e8eb38cac0600f7,不,12,29,119
bda43e75991595fcafa3c68905f6570aa136ade8,掴,22,39,157
be8d9ec7e6192ebc5bac8b9152197a5a61171325,策,23,35,70
bec84cbf21e13bca580003399084658161ddae2a,薬,58,39,6
bef4d10b5603e1a767dee0b530f996da9a4475de,雇,3,121,283
bf2dd9b3965af87fd4eb893034198ad41cbead6d,ゼ,118,39,991
bf3cf9dac11a01786e748447c29e85c2e22d4647,師,3,543,28
bf4a47c89f23164eb62e0f22c21524fd36c63b07,き,32,29,10
bf7b254d4e85a8aeda5ba4469fed642c5b948235,野,1,81,295
bf7dda31396fb94a4943be3558d2e971d262ba0b,ふ,58,35,309
bf8f7ced7e77c625809093de99169cf5c954372d,論,24,39,818
bfb264059112cf58c5f767da6fbe1baa7fcfbc20,悠,1,1195,135
bfcaad85faaecd8d20b216e78bd618627da6c771,愛,29,39,731
bfe3d3f03236f5de4aa4c889e49ab762b3fef112,及,28,39,423
bffbe087278de26b9bdda134b4bd5507e008957a,習,26,39,335
c0b58580aec403b93a7bfc97db966531b51030e5,牲,5,121,313
c0db2e45293a5d80c0cce29132b12c6fbd033ed4,ぐ,52,33,135
c136dd735e8a02e6da45d717e8d1809272fff28d,（,113,39,26
c1843bf6e044635843958ead85b72c44bab6ba79,指,33,33,254
c1af2f2aac2e1818e873722cbc32e0991076e058,仕,67,35,255
c213fb35b882347609434e18ff1b5fd158bebb13,食,27,33,120
c226d852304596088a62d950a660da55449a168a,危,36,45,182
c23a2a4147dc158df14bb0e4a0fdde62fe7ac38d,業,1,29,206
c2558bb49374aa542ad01a5de045e7a5a24a5cce,v,112,39,27
c2a9ad8069a729e17bf1ec9d2bd2a545f7ee7847,ュ,34,39,878
c2b15dd9150ca78cbddea50d60f958252f4e3c03,小,15,159,6
c372be502570f6cb692a0ab1ff9c137ff3284b4e,空,4,29,309
c3d83f6e97ffc366326238d627667652a387e072,火,20,29,42
c44012eddd4de95d62af7a1e7f7299b60c34fac8,ほ,56,35,281
c482c0572904afab12f80976f4d6e5f32d1a2870,ズ,27,37,152
c49d32b5c804f92034ff37e23f77cf81fd19da12,間,81,33,228
c4c5ef2000b0483201e95356aed885351bcda69d,目,4,29,256
c4cd8271b94e9ca15e3cde8d2161d2c386394f2a,鋼,1,29,208
c4d7d9e4ae5e28eeaafd56e87309cd10f662a616,撃,18,33,230
c502e2642ee1c770e5bfc362acac3c578f01a32a,江,1,29,211
c534b2c99225fe6e3e9165ebd4aa7355e29bb5a5,雷,7,49,1224
c537d6b39d672a3134a2ed86dc6357bb898c43e6,開,40,33,132
c53e3b365a26e143814eee6ae208757202ae061f,更,28,33,213
c56926af99baabb085468d28429c3e7e8bab0ccb,。,32,167,291
c64bf8e6a41c52e5477cc94a97ead0eea2f7078b,素,32,39,404
c6bd4a88693c3c4b336edd6c2c82e3b25c8f3d3f,ダ,43,33,175
c7129b9ba28050ff413c1759f9ecc4c6624b2e75,バ,68,33,163
c71edcf0a5fe76c54f170f932f6fd93a22645009,取,70,35,146
c747be8d2eb53a39f7072ff29bcfa3026f253fb9,在,6,29,133
c74ba08a4b94c734e9586e684a27ee4f2d31a7f3,ギ,42,39,979
c77afb667ed340554c2235f8ab15542e516af343,衛,2,401,164
c77cd632c2027e6587f0a811eb51ce7de95cf95d,フ,197,29,59
c7bfde563ec5e0a674d7f965c36be0a3679203b8,東,1,29,227
c7def073edf94fdfca81e477e497925fc92e53ec,供,25,39,408
c84c3af8364f76e41d78d07a0da616feeae6ede5,チ,38,39,465
c85d460326c401abb31fea192dd3832ec4bedfd5,ネ,27,39,535
c889122b036edf094d50bf0a742f56f482f9358f,厭,2,143,71
c90b5d9af92cf3c2be9d42e6a2cbabe48a87b2e9,ェ,61,29,60
c923ed61987db563b44683b60c8787723bc3b6bf,考,29,33,191
c93a394584a891fd46050a79dc5de1976c5c7430,愚,34,39,650
c944cc8de282a422767398d6c0b7a85ecb50ec3a,捕,23,39,846
c9e470055e258b4bc0c8d3eb832325e12cf19ad1,消,36,35,316
c9f0647d04cf225c671f8c732d2fc1efb60e0c07,闘,26,35,277
ca41a6d0eddbceb1788aac747b569a7211ceb52c,限,54,33,85
ca48f8daf5e525d24fde544bafcafe7a89e2108f,為,1,29,315
ca79d28efd03d87536f292b61921a8f798cacf6f,加,100,29,238
ca817b825baf0e6c46ca700ddd18cad91d6f055d,者,83,33,247
cb08318b78609197815e7e405709c9bd8aa46987,継,24,39,743
cb3d3b5cecfae385778503c8c472e9ca93cc5f45,守,65,39,261
cb3d9dfcfca676107bf910448741638c55b199f8,望,1,29,322
cbc9e288649d8e0aa56a0f58f0a26a217284642e,静,24,39,388
cbec75aab2ff2a1e379aa9fb9c0c5f6f8d35be57,平,1,29,306
cbeec62fa5144e747f0ca9b7c37a18afb8689cf6,興,29,35,311
cbfd5eb6fe7907546d2136aa9c35bdab41ca219c,情,31,33,176
cc2c5417ca51694052f1e45fb11e05e01e75e406,地,66,33,248
cc6e444fdca2652ae8befddd77ff1f421c6f11a9,他,1,29,152
cc837b8822785df9e987d6d641a48b0ad2632258,グ,67,35,10
cccd7bdddb4df64a85e46c811acd5aaa5446b42c,現,29,39,152
cd0aec13d5e94ac499d88d1a356f767bb276a263,利,6,29,221
cd36888906be128152107dab805177598d89b82a,味,5,29,120
cd4644b5949f736379f6bcf3cfd2516cdacd3c1f,気,5,29,117
cd53f370c477f0535de1d05da21f96027c3aabb9,埋,22,39,517
cd6393624674c99346ede7baa814154ab7232838,街,6,29,104
cda290c390656b872802cb2c64e3c239e627e8f3,摂,25,39,341
cdc719cc749e553407a8c9ffa61b565559dba3dd,老,23,39,249
cdd00d51c5ecf55c72089f00cbfe11449b32b1cd,大,12,29,80
ce337beecd1d62ed6933085bb272755b9175c862,源,5,131,177
ce8a1f0c8bd5ca26aa72499852df827d4f74adc8,つ,116,33,137
ce8a3c3ae3e1be7a973a11b3fe657734a616aa35,ほ,2,29,190
ce8e546d21506a256c182d502737d10e502b2000,遜,1,1299,226
ceb6d308e41c2a65d770c12b9a2a23504a508d8b,変,47,39,175
cecd538c25c967b411a75d2a54d2f405d2ea88df,統,24,39,649
ced70e959589c366b95551909e41263bb372cae2,面,57,35,235
cedbc5041e4693c723a1bb528d9f245571fac899,ん,147,33,55
cedfbd49ebbf015e7edbc99bee9485dcf0691c92,後,12,29,271
cf199b71749c8e4a6d5c065f4b3aa367f42628e1,女,30,35,327
cf522e3b51eecb816ef096ee4d34745d135817b3,解,26,39,270
cf6f1c5379110ac3053a581f036bac113a7b09e4,潜,4,99,223
cf7f041eda4b38cb5fc1ec875293f4be05f1e081,ネ,81,37,151
cfa3c8b74c0eb908e23bcd6acbd582e8350c2422,ぶ,61,33,312
d005055e397737497983da58d6e365bd0559df09,西,1,29,200
d034ce548f75dd23deaa086e055cc56b58ee507e,貝,1,81,299
d078c6cdcff2d39831a7a71c5b2954e16adbede4,あ,19,29,252
d09a6143a497224c2b898f204f2a83dc7cb1074c,耐,2,245,122
d0cf770bc7dab9be958b41b81929be0ed157ca81,異,6,29,312
d0eb558da9f13eef91a82e03253d9f021fbb6076,所,30,29,280
d152632d38bf48efd997f1f7b1635b506aa3a5e1,進,52,35,139
d1b599d9206cc1a7bc957d4a9c764323f5da9ff6,引,32,33,128
d1c3cb1501b28991ec3ee19af49c6b6aaab7e488,迂,1,1277,151
d1e2e23d6698d7b84fa579a84cc3ce36b23f1526,時,19,29,293
d28106d7edb526ef04137395b5a7a8e3449280d9,森,48,29,8
d296778dec6b0dcba484ccd9d63348963fa1d9b9,涙,1,87,1290
d2c2c9e102e0e6fab9ca3d30476dc2c9eb759f7b,罪,25,39,364
d2daed36a67397d89e43d35d943c358c297ca2cc,ホ,8,43,164
d2e2486f38c8666dc47f00b3c404e9aa88251d3d,夫,52,35,222
d3497ca1e30a9e329fbaf5db4d7a9734bfea3a84,茶,7,81,133
d34e9f7b1df51547bf90a2f78b183b7a9f5e6fd4,土,24,39,292
d355ac33b9132ffd8d6662b077dd766f2d32be92,強,49,33,66
d3683f084bf86c9efb0250a59ec61c74186b8cf1,達,3,29,161
d384e8b598a6f51561f734a590105717ac75727c,先,55,33,253
d395cf819123d4990f8bf61fcea111868fcef585,さ,33,29,169
d3c8d61512db29eaba30434e8c584c813306971e,世,78,39,153
d3ec4a8726ddf634f78bed712e71fe75cf068171,化,42,39,284
d3fbf7c82fd9a5c06102f9555d98918a95cc9475,ブ,60,39,570
d3fdb623f3d4f75765d955c849513456f58a7018,昼,1,29,111
d4330c3ba7625fae94da00991ff989df6d0ec0b1,悟,27,39,403
d48256fcc4c0d4ebe158aec6a62d7769ac8df5b6,乙,30,35,323
d48f8cead762ae065c923d708d82b5cbdf8fe8e6,ぬ,65,39,431
d49ba2a415769aafa9dbc6b07e390411ec721b73,ツ,62,37,52
d4c438f2ea6db93ef87cedea9bef7d4f6aa9bfb3,慰,1,1283,98
d4f35761bf87afc1adff26384fadfdb905b06c98,省,1,1299,168
d531fcd8c295e69f58cc42cb557ad1090c6c9946,滅,51,33,271
d5b7e8fc20f9b05e3f0e94026377a8c091da9eaa,う,17,29,88
d61933fc261f1d62bd5e2fa97b4a7677dd10e432,合,49,33,209
d6281c71253351e5ba0e9e365d5db00e0afae4cd,わ,111,29,114
d648646a0f6675ce799470fdb0657b237e51551e,法,5,29,149
d65cf150fa91e08f586def1c6ad87f4ba13d3a8f,”,15,1243,200
d67af0bd84d72742ac8ae01df9e014cf4923d9cf,急,21,35,150
d6e67841422856b2bffdd5128c3b56b9132e794a,行,82,33,152
d76e8cb780b06fcd586010e71e5d57f161da8b9f,岩,1,29,237
d7711e991205ba370273b7ea597525945631e524,訴,2,35,197
d776f09a14fa2910b940ab85b06f745eead51e05,ょ,102,33,92
d7cb17800379ccceae72539ec80601f75a660306,ぱ,30,39,271
d7dd591595d34bfa18373620a6b7472b165013bc,付,6,49,144
d7e544256a891f68a442a4c21890a55e2aeb51e9,格,29,33,100
d7ec907d75faa0ed4c16a17eff1eef37ee30511d,活,9,29,241
d89bcb7ffd55e68b3e3aebec3b8d709135d7f17c,攻,9,53,145
d8a426263bb4dd1fce2413a4afc108abbefc55d8,肉,33,39,633
d8fd5c1a9c93ad1cec0049064400bb64e7ed8313,ジ,65,39,958
d926b3015e3f0d384b8d148e4b245110ce71bd25,正,31,39,698
d97d83edcf66e3f71cef557a8d9cd299e825fec7,ず,103,33,284
da7cc87f88edd0700f92c62773261e8d422420e5,国,53,33,126
daab12ad142406247535dfab3aa27b82bda5f083,位,9,29,174
dab542cc6d9618e94a7d1f52f55f9efbc1f415c3,印,23,103,65
dabcdf27f5114586fbf91b549ecea08629a7f010,技,24,39,923
dadc8de7717c6683216a00a3ee53ef5c78bd7d8a,タ,45,33,313
dae192f77d18154fbc5d98b85f0ef26abb0e0c43,渡,30,33,187
db9b237e05e9e54c0ac43874e4e3eb05ef2744d3,槍,2,975,11
db9c6aec9410d5996037f6e7aabed5ebb319e1d8,領,26,39,777
dba1132e23b8cf728833b70b3b95944b9f7a3722,均,1,1299,244
dbac6a48c6dd90b479ce340b37818827fb060432,減,27,35,256
dbbf677b12be2d4b5c47d366c5d26c50bbb74f9c,存,53,33,282
dbd3bcfa2d6d716feef506f5c98a9dced5982b21,頑,25,35,239
dbf81b376c07948c9cc65d0d27e01fb18bda5e4c,人,60,29,92
dc42d0cdbf1a10a98daeced8aafb5e9eca685a3b,恐,28,35,234
dc49e44187d7b9bce48feb25d379271a40c99c78,害,27,39,709
dca125839be6e8e281afde2d0e8e5335cb05a757,代,38,39,373
dcb8d27ce64895d01b9628cfe742acf9dfb6f635,失,34,29,6
dcbcfbe4bad51235f2de20bbadd338c79209be7a,力,89,33,244
dcbddcdf487284b0ec16b70a68a237f83225f044,妖,11,339,250
dcd206efb236db2e948b20ba54a552cc02f6bccd,穏,22,33,315
dce345dd6a53cc55b70a704f4b8dbed4376e25a7,使,62,39,320
dd2b52a7be3566144ca11f423c3c55dbe05285e9,圧,1,29,259
dd53410d4436341ea7a0918940ae351f109a2ede,ぼ,33,39,538
dd97fd56ab3ce03e4dc5d67c236a6a80434010c4,金,38,39,21
de00de21b847e50243c898ab53bf1c82a5fa48b3,ヘ,9,129,124
de6fa5e1421e053f4ebd4b5a7dd64fe6984652e7,樹,26,39,824
deff0a0f81435a04ca44ba91dfed58bf3a472106,腕,25,39,181
df06d2d6e3443dd4d02ba9a87edb345e3656b922,こ,166,33,117
df4e995dbd2bddce2a988d182a7664755ef9af5d,サ,66,29,47
df60a9a2eecc01380de8db83684be207a71597b6,仮,23,39,238
e00c3fd410743a07237831b48444ff0ec24b8913,調,23,39,331
e017affb27cbbc00d26d8718105d4d6655f51b2a,北,1,29,199
e03dc7f953f6660e7e52c8ab323251104e1fc772,美,2,29,192
e04577496c6f6d9456c5feae6bc3cfa519ecb9d5,衡,1,1299,245
e1613c7dc3eb074f2243f420418a0b64f20e3564,肉,3,37,140
e1970cb994226fafa96acc4666cedcf495e762b6,長,42,35,80
e1cdeb32f6059e91a80cf5d6c711ec58d0360341,奉,35,29,49
e1d3e70f5566d70810b26a27e45ea5db34a1c021,計,28,39,867
e1d4b7707fb7cba47f787bbe91d3c3a525566c45,船,14,33,88
e1f2c9c98bfa26b584e190969a6e5b6b40d58bfe,完,32,39,769
e2f5a21df99ccaf7fe44a1a3c8d89691f4ae2aec,構,1,29,214
e30cdc62e25d2f94c964b9b2e338a904685b81fb,研,54,33,219
e343ef2c7fa4c13d6caceacb7226e5ca2431fe87,妙,26,39,803
e34f235af14b9c7cb614e0f62cc7e231296fa735,名,41,33,258
e370f53070d1f7100d7141939dee8f3489d5447e,物,68,33,311
e44261a7f151f635d3598ac31e07ff69e3b4dd88,念,60,39,819
e5f08d81986aacdcc5e994439eeca2a553507fd4,達,79,35,203
e643d8145b8ae8a52fa5cf91d8d0686f0e250f76,線,1,29,154
e6490b98b4c607d964b27f0f0c53884c0eb000da,オ,74,33,109
e66a09ae0d7e2ec41ead0c742086c2f45d5104b0,十,23,39,419
e6701d548aaadc59de2b2ee489ef5aa7643193dd,ち,117,33,91
e7385fb549c70d8216247150173951271280445c,特,26,39,684
e73c8661a548561e4ed3455e0e61388d60075ef8,住,30,29,178
e7e7e61700c9adb2f2fe57380b293364c5575a76,タ,88,29,52
e8101d1844a313d7e134eddc05c197cc191c07c3,言,83,33,68
e815a3b81f3c149bfd62a9c7a81fc906f2b16c8f,機,50,37,59
e824a478f26c5938ece83a879dc808157c09f1af,尻,2,37,154
e82b43fd6ea98ce61a45c618b9b85d1d950b6aaf,追,38,39,383
e832b8c4048125cc017ebe17c82d4a2ba2949e11,ば,17,29,233
e85cd41a5bb5e95b9074a1defe2231bd7cef5665,よ,153,33,97
e8c02b22860039957bf5c57efbbe08b9bd26c6ba,！,77,33,57
e8ccb9e540b5b83fb3c51bf7c680821039c77dca,流,5,29,294
e8ed199ce62df9e442de49d1cbdf44ed91832059,か,73,29,194
e921d9da104c95c8ebdfef8d1d0d461c6ccbe64c,派,23,39,735
e9c5c1895fa2c35f05184d3d220634d85b454346,優,23,39,574
e9cf7246bdf1e8a1afce5c11856c24347a7e45a0,先,7,29,290
ea203fa06c33324e253146b8676ef26d41102435,テ,47,39,325
ea241ae6cc536eada44ec06f94eeb402f73df6b6,早,42,35,118
eaa9c2b587ed4bba31ba599fc592230cc53af2cd,昏,11,29,9
eb240ae99430c8dc1bf0175ebbb09d5776fc0400,ざ,46,33,199
eb505fb2c1cb6ed5850c466f8258337ab6fdbf72,す,143,33,146
eb815071cbf7c00765b0b807a7f0b14dcf5c7663,放,32,35,261
eba5a92705af37ca3a8037cd3308f0c1deacc447,長,11,47,232
ec3370bf045f9b94f9685cf9594b8c3ed2583736,い,95,29,106
ec3951db974ba491c26b5c28ca4dfc2870fb4b66,峡,1,29,299
ec46c46f0a33d88d7a1594fa3b0c092573712a37,避,2,313,256
ec61dc895a0690d0e2a9370646a853a75f1976e9,発,36,39,277
ec72db38163206c2a5dfad4f630a0c4a68fd5d9a,逆,35,33,260
ecccc22147aabf96d5acb2409ac07bc211758bdc,宝,20,41,54
ed393dc7c7e46c32d613b3b213aca18778ce100c,練,23,39,334
ed41ab7e1f6085e4759f119fbfc14befe199ab75,石,27,39,874
ed42068387b8a12dd9759eb4a557e59a87bd6925,ャ,54,35,307
ed788a77106710af38311001ff5f0f8b75bdfe38,士,30,39,3
ed9cd045f5e0f76dbf5f1b307f97eabf19b5ff50,吹,24,39,941
edf1ca9f1fd8802f01f8d3621a5b7479bab7947b,命,57,33,277
ee06378efcf14c3b116dd95c94dff7493c5b8b64,を,322,29,86
ee46988202d164f8484b2bec7ebdda150b76f069,空,24,33,242
eebda342df130fe39af72e764775f1113d22bbc3,山,37,29,21
eed43928e2ac5261783c9437be604404cc88abc0,程,27,39,793
eefdcfb4f976cb9998e51cab4c79282699a1a9b0,申,31,39,400
ef349ccfbe148d996969d60885f37c71b89d122c,雨,2,29,267
ef3fecb5c69786bc35cecc8a428659cf4460e5af,用,12,29,222
f035a45ded15c48a40ab0de7abb05fe6e8c4230c,ゃ,113,33,81
f0460041c9150f97d94c91fea14b7bd5b3048c6e,背,26,39,342
f0851f47ffd7f54e7fc0b4e1c1101336d5ca0b5c,求,24,39,389
f094853dd81737c45659733be3793cbca59eb8ad,パ,125,29,15
f105d3fdfc2c39a0be32c84129da689cea1de884,揃,26,39,701
f10e29c5dc40146829ee529e9a4fe00a61c76c70,役,5,29,276
f113e7f26138e94de8f1550f985fc713b8c1ea38,応,33,39,720
f12b4119553a74d4373f9737bab70561bd011887,張,31,35,206
f136c09cd6b7b7bf0bf8ef375a1509b525c2e082,て,24,29,101
f14b985d4e01fcab1cfc13ae7de17f888f10e613,速,2,1195,122
f19e507e0068a487bc9ac4af486a7a332d96c69d,域,1,29,274
f1c11685afa6cb928d6f150fd25e91c6e0a2be54,窮,1,1299,186
f1e555bba71998204a1e6cec72d9b03c2dff5035,少,47,35,319
f1feb00dcf23eaceeab25986326539092ec5c515,ノ,57,29,32
f209177e54dc58e1155b304349e9ddc18ca07e79,ァ,188,29,78
f283dcaecda0535b856383e017991e22a641340d,弱,26,39,352
f3354da1596103175a4fa55859b7c1cb84d365d3,び,81,31,54
f3523b52f389ae82811df8139bbd81d3f3fdff2e,指,14,29,257
f3a1c126fd7543e4938db6d76df80be08849ac63,得,58,39,88
f3ae348e80aad1b6d4d2c27e6f705ebd38915630,砕,3,101,67
f3b29ac82ec5ae52b9ca85d633379d426ba9f1aa,メ,92,43,156
f4108d8c298e700da16736e13471fca29698b721,洞,50,29,43
f45f0f31a5113008737b5ab2013ef202920363f7,ん,9,31,77
f4890b0d5bcda2db161dcb4b1a82fa15eb38d0fd,ロ,47,33,164
f4dcb5c2ac9e88b56d443dd6fe1ced793fb052d5,口,33,33,21
f5052ccf42cd19c96464d97410c35d1362e4e647,精,38,39,630
f5142cf75a8b931cbbc690f8b3f5797b88b2d267,ぬ,6,49,1270
f522a0327dd4052d000a3377137b32494d62337d,掛,31,39,707
f552dc9b60ad85c74df5c8b8b88f41e8bc11b843,れ,165,33,70
f5666cf643a7cf589d0f089cb9dbc5992d1d4be1,む,65,35,310
f5806aaf227f5c3aff220fc5fd014a57b854372a,ツ,4,175,22
f5b9c20e533256b6a21745ee4d7578e9b0f3ce22,暮,28,33,292
f610c0a3864cab86ba2c8eb15325addb92d09605,隠,32,39,443
f6aec96d125cb7714adb7339f8eeff64fc3ebc9c,動,10,29,225
f6f99aabe3c0596798044919b373ebf9288980b9,姿,47,39,849
f71713fcd54ffdfc549cc3eaf6e7b4886523646a,断,31,39,608
f71ece0a6e95824f5ac2f19d3c6b95f0f1bfe45d,奥,4,29,123
f72e214eb82e8a3b06cd7e903577ea36fdf765f3,キ,43,39,683
f7527efe89007f84d78a29b0cb2dbf500d192ead,対,36,35,69
f758b430aae183cf7ba3c4bc357240a22f691a8c,岳,13,29,28
f7796d5fae81776d1d71b179df7c1b1e9fda1983,欠,13,39,953
f78be5ac9646351d4a94469bd8138d9b19a6bebb,日,2,101,8
f7bf96fff1b692e256138009fec5e24773710d0e,影,30,35,215
f80c7675fffb1ac9875bdb604572f8987279a3b8,非,12,33,265
f847fd95ed112c8364a06e864d24cb7b50d98141,質,1,29,183
f85866e41e77266ec664db93aa53bf9f131d1d41,殻,2,43,231
f8bbf122b09c4af3660ad6fa0dcc41351d7d8231,思,5,29,188
f8c4ed82d90c40b6aa4a622df94f25d137cbb545,度,68,33,186
f8c6dec5f77047ae004a6abb757a0b4c3701699d,要,59,39,168
f8d746d94f7c492ee457131ff0f9373433eb2730,ソ,28,33,15
f8dd663c2b3e4833afa886671eee57f7d64ec733,R,112,39,24
f9236090a828f153028bac1211dba4c2f60bb4de,料,26,33,149
f97cc0aa7f842842f69f14a160d000a8363451f7,学,26,33,82
fa3ed103a07f9dfce9c4b771e105a88eee0301c5,縫,1,1133,22
fa593c85f0c59ca773e636fd9eb768bce23f3369,終,31,33,299
fab29137b1f352bbf67d3b2a60e152647c93726d,の,248,29,7
fad0c6424f5f83438e704d2ef0bb91c339463f38,紗,39,39,985
fb1da43206b9e0f130335dc38492f817e67ffdfa,日,33,39,145
fbbff24401d88b822e3cedbf5627d02cd7d15f51,よ,18,29,258
fbd41c4dd70691e84c65eeb1e1bc956211e87262,回,36,39,454
fbe34baae5fd4aeeeaf49c953b7437cf3cfa1c86,り,153,33,19
fbfce520c127d983843498495563c8ec7b71413d,成,16,33,274
fc226761772b6bc2cf099f45512887b8eec76548,憶,25,39,900
fc2cbd38a6727307d3db48e5135b7c0e97d2160e,堅,1,29,171
fc3246382a0dfd6d0658fee850a51cabf1daaa3b,躊,1,1277,83
fc3f6b7ff6ff7ef1efe545796432a15629f562ce,ひ,32,39,917
fcc5db7e4f3f922a9abd818a23073c3b6a69f509,公,23,39,945
fce484e3e3df840230d34078f13b92a0c7f076bc,知,54,33,29
fce54933e81516ae2d996e370742cad737706266,蘇,41,39,647
fd0d6300045bb06e6a63e999ea35d2e3861a23ed,磨,23,39,182
fdc3709d8725b72741d527b34130992d8a8bcca0,ー,322,29,35
fdc96ecdaa2ad9a1972d548ea62f574b65392971,民,28,33,250
fdd9f7183a6016f4aa135ef879795c6db3b0bd42,罠,22,39,706
fe0cabe81ffdeb58cc4ab04877e09a7ca7355c54,ヒ,5,49,1263
febd6ea9d2c90c7c45cfad05e8ec754875a8e10a,戒,3,119,194
fec1aa8b4389695d9c490c811163f2b8c869bf0b,備,39,33,296
ff346136cd07dac39cdecd30e55c4d7fe5c0063f,段,26,33,136
ff9dcdd512f750fd0bfe0f7689e615ae906e0673,道,46,33,235
ffdb94ccedd46fbd4a17240551f0a84728d2f88c,町,23,33,304
ffdeedbf9a04b69d2a9caa99f891a5613bfc5743,焼,24,35,111
fffd1e84a115bc57a7a464b016df9bd9265ac9a9,し,131,29,110
