original_jp,original_en,translated,occurrences,containers,notes
"〓なコボルトのウィッグ。このカリフラワーのような
物体にはソウルなるものが宿るらしい。",A curious kobold wig. Said to contain another kind of soul.,,3,container-0641.csv container-0644.csv container-0645.csv,
ディパン王家の紋章が刻まれたペンダント。,A pendant engraved with the royal crest of Dipan.,,3,container-0641.csv container-0644.csv container-0645.csv,
代表的な根野菜。白くてスラッとしている。,A representative bulb crop. White and long.,,3,container-0641.csv container-0644.csv container-0645.csv,
"鉄〓の重たいヘアーバンド。
アリーシャのものに良く似ている。",A heavy steel hairband. Looks a lot like Alicia's.,,3,container-0641.csv container-0644.csv container-0645.csv,
"白地にルーファスの衣装の〓が〓いてある
〓レ〓レのシャツ。他意を感じる。","White grungy shirt with an image of Rufus's clothes drawn on
it. Probably some inside joke.",,3,container-0641.csv container-0644.csv container-0645.csv,
"ボール紙に銀紙が〓り付けてある変な手作りメダル。
なんだこれ。","Weird medal, handmade by pasting silver paper on cardboard.
What is this thing?",,3,container-0641.csv container-0644.csv container-0645.csv,
"な〓か疾風と書かれた赤いバンダナ。
ルーファスが〓、失くしたものに良く似ているらしい。","Red bandanna that says ""Run like the winded"" for some reason.
Resembles one Rufus lost a while ago.",,3,container-0641.csv container-0644.csv container-0645.csv,
"ヴァルハラガイドと書かれた分厚い本。帯に
「エインフェリア必〓の究極ガイド〓」と書いてある。","Latest edition of the Valhalla Guide.
The cover features ""10 Items no einherjar should be without.""",,3,container-0641.csv container-0644.csv container-0645.csv,
ツンツンに硬く尖ったヘアスタイルを再現したヅラ。,Wig sporting a conic-spike punk hairstyle.,,3,container-0641.csv container-0644.csv container-0645.csv,
"紫色、というかブラムス色に〓まった鏡。
〓き込むと背後に不〓な影が見えるらしい。","A purple-colored mirror? No, a Brahms-colored mirror.
Peer into it and see an ominous shadow...",,3,container-0641.csv container-0644.csv container-0645.csv,
"ちっちやくて可愛い吸血〓虫。
〓気に今日も〓〓ん〓〓ん飛び跳ねる。","Cute, tiny bloodsucking bugs. 
They bounce around so alive and happy!",,3,container-0641.csv container-0644.csv container-0645.csv,
戦乙女の〓愛を〓かる者の名を〓する剣。,For those who have earned the favor of the battle-maiden.,,3,container-0641.csv container-0644.csv container-0645.csv,
別れの意を〓する切り裂きの剣。,A sword that makes goodbyes simple.,,3,container-0641.csv container-0644.csv container-0645.csv,
邪竜を引き裂く者の意を〓する大剣。,Greatsword whose name refers to its power to defeat evil.,,3,container-0641.csv container-0644.csv container-0645.csv,
"竜殺しとも呼ばれる大剣。その改良版。
どんな強大な力を持つ竜も、この剣の前には無力となる。","The sword known for slaying dragons, now new and improved!
Even the strongest of dragons is powerless before it.",,3,container-0641.csv container-0644.csv container-0645.csv,
"不死者の呪いが込められた剣。
攻撃した相手の血を食らうと言われている。","Sword carrying the curse of the undead. 
Said to suck the blood of the enemy it attacks.",,3,container-0641.csv container-0644.csv container-0645.csv,
"世界のあらゆる知識が〓め込まれた石。
その破片。",A chip off of the stone that bears all knowledge in the world.,,3,container-0641.csv container-0644.csv container-0645.csv,
"ホムンクルスを作る核となるもの。
なんか緑色でぶよぶよしている。","The seed for forming a homunculus.
It's green and plump.",,3,container-0641.csv container-0644.csv container-0645.csv,
"あらゆる魔術について〓べられた魔導書。
外法とも言われる屍霊術にも詳しい。","A magic tome addressed to all monsters.
Contains forbidden treatises on tricks for animating the dead.",,3,container-0641.csv container-0644.csv container-0645.csv,
闇から抜け出たような漆黒のローブ。,"Pitch black robes that seem to have come out of darkness
itself.",,3,container-0641.csv container-0644.csv container-0645.csv,
虐げられてきた者達の怨念がこもった剣。,Sword fueled by the angst of the downtrodden.,,3,container-0641.csv container-0644.csv container-0645.csv,
〓ばれて狩られたネズミ。,"A rat, hunted and toyed with.",,3,container-0641.csv container-0644.csv container-0645.csv,
〓ばれて尻尾が切れたトカゲ。,"An abused lizard, its tail cut off.",,3,container-0641.csv container-0644.csv container-0645.csv,
〓ばれた不幸な青い鳥。,"An unlucky blue bird, cruelly mistreated.",,3,container-0641.csv container-0644.csv container-0645.csv,
"栄〓分を消化吸収した後のかす。
時折毛玉が混じる。","Excreted after nutrients have been absorbed.
Occasionally has furballs mixed in.",,3,container-0641.csv container-0644.csv container-0645.csv,
しやぶりつくされた骨。,A bone that has been sucked dry.,,3,container-0641.csv container-0644.csv container-0645.csv,
かじられ、ぼろぼろになった靴。,Battered shoes that something chewed on.,,3,container-0641.csv container-0644.csv container-0645.csv,
所々に〓が開いたぼろぼろの布。,An unkempt cloth with holes everywhere.,,3,container-0641.csv container-0644.csv container-0645.csv,
"栄〓分を消化吸収した後のかす。
〓〓状態がわかる。","Excreted after nutrients have been absorbed.
Indicates health status.",,3,container-0641.csv container-0644.csv container-0645.csv,
ひよこのえさ。,Feed given to baby chicks.,,3,container-0641.csv container-0644.csv container-0645.csv,
野菜のくず。栄〓価は高い。,Old veggies. They're good for you.,,3,container-0641.csv container-0644.csv container-0645.csv,
貝殻を砕いて混〓たえさ。栄〓価は高い。,"Feed with clamshells mixed in. 
It's good for you.",,3,container-0641.csv container-0644.csv container-0645.csv,
"栄〓分を消化吸収した後のかす。
時折空から降ってくる。","Excreted after nutrients have been absorbed.
Occasionally falls from the sky.",,3,container-0641.csv container-0644.csv container-0645.csv,
猫のレリーフが〓りこまれた指輪。,A ring engraved with the image of a cat.,,3,container-0641.csv container-0644.csv container-0645.csv,
犬のレリーフが〓りこまれた指輪。,A ring engraved with the image of a dog.,,3,container-0641.csv container-0644.csv container-0645.csv,
鳥のレリーフが〓りこまれた指輪。,A ring engraved with the image of a bird.,,3,container-0641.csv container-0644.csv container-0645.csv,
持つ者は、動物と会話できると言われる指輪。,A ring that lets one talk to the animals.,,3,container-0641.csv container-0644.csv container-0645.csv,
"戦闘中、アイテムや魔法によるHPの回復が
全体に影響するようになる。ただし回復量は大〓に下がる。","In battle, HP recovery spells and items work on the entire party,
but the amount of HP restored is greatly reduced.",,3,container-0641.csv container-0644.csv container-0645.csv,
"一定確率で敵のガードを破壊する。
これは複数装備しても効果は重複しない。","May break foe's guard.
Equipping more will not have a cumulative effect.",,3,container-0641.csv container-0644.csv container-0645.csv,
回避時、一定確率でカウンター攻撃が発動する。,May launch a counterattack when evading.,,3,container-0641.csv container-0644.csv container-0645.csv,
攻撃ダメージのをHPに変換する。,10% of attack damage is transformed into HP.,,3,container-0641.csv container-0644.csv container-0645.csv,
一定確率で与えたダメージをHPに変換する。,May transform inflicted damage into HP.,,3,container-0641.csv container-0644.csv container-0645.csv,
"敵の攻撃を受けダメージを負った際、一定確率で
受けたダメージの半分を回復する。",May restore half of the damage inflicted by an enemy attack.,,3,container-0641.csv container-0644.csv container-0645.csv,
"戦闘中、状態異常になっている時間が通常の
半分になる。キュアコンディシヨンの効果。","In battle, time needed to recover from status ailments is halved.
The Cure Condition effect.",,3,container-0641.csv container-0644.csv container-0645.csv,
ガード率を上昇させる。,Improves chance of performing a guard.,,3,container-0641.csv container-0644.csv container-0645.csv,
一定確率で魔法ダメージを無効化する。,May negate magic damage.,,3,container-0641.csv container-0644.csv container-0645.csv,
一定確率で魔法を反射する。,May reflect magic.,,3,container-0641.csv container-0644.csv container-0645.csv,
戦闘中のHITが倍になる。,Doubles HIT during battle.,,3,container-0641.csv container-0644.csv container-0645.csv,
"ミスするたびにATKがアップする。
上昇したダメージは攻撃モードを解〓すると戻る。","ATK increases with each miss.
Effect ceases when the attack mode ends.",,3,container-0641.csv container-0644.csv container-0645.csv,
"ミスするたびにクリティカルの発生確率を上昇させる。
上昇した発生率は攻撃モード解〓時にリセット。","Chance of a critical attack increases with each miss.
Effect ceases when the attack mode ends. ",,3,container-0641.csv container-0644.csv container-0645.csv,
"通常攻撃をミスするようになる。
ただし、クリティカルと一部の特殊攻撃は命中する。","Causes normal attacks to miss, but critical attacks and certain
special attacks will strike home.",,3,container-0641.csv container-0644.csv container-0645.csv,
"敵に与えるダメージが上昇する。
ただし攻撃の度に最大HPのを消費してしまう。","Damage inflicted on enemy increases, but each attack reduces
HP by 5% of maximum.",,3,container-0641.csv container-0644.csv container-0645.csv,
敵に与えたダメージの一部をHPに還元させ回復する。,"Part of the damage inflicted on the enemy is transformed into
HP.",,3,container-0641.csv container-0644.csv container-0645.csv,
"HP満タン状態の間、敵に与えるダメージがアップ。
ダメージを負うと元に戻る。","Increased damage inflicted on the enemy as long as HP is at
maximum. Once hurt, the effect ceases.",,3,container-0641.csv container-0644.csv container-0645.csv,
"戦闘中、HPがゾロ目になると幸運な事が起こる。
その時のケタが高いほど大きな幸運になる。","In battle, fortune smiles upon you when all digits in your HP
value are the same. The higher the digit, the luckier.",,3,container-0641.csv container-0644.csv container-0645.csv,
戦闘中、HPが減るとパラメータが上昇する。,"During a battle, character parameters improve as HP falls.",,3,container-0641.csv container-0644.csv container-0645.csv,
戦闘中、HPが減ると決め技の威力が上昇する。,"During a battle, Special Attack power improves as HP falls.",,3,container-0641.csv container-0644.csv container-0645.csv,
戦闘中のみ毒のダメージで回復するようになる。,"Poison damage actually heals the victim, but only in battle.",,3,container-0641.csv container-0644.csv container-0645.csv,
"戦闘中、状態異常（毒）になるとMAGがアップする。
更にクリティカルランクも上昇する。","When suffering from Poison in a battle, MAG goes up.
Critical Rank also increases.",,3,container-0641.csv container-0644.csv container-0645.csv,
"戦闘中、状態異常（衰弱）になると敵に与えるダメージが
大〓にアップ。更にクリティカルの発生率も上昇する。","When suffering from Frailty in a battle, attack damage against
foes increases. Critical attack odds also increase.",,3,container-0641.csv container-0644.csv container-0645.csv,
"状態異常（沈黙）時、ATKがアップ。
更にクリティカルの発生率も上昇する。","ATK increases when inflicted with Silence.
Critical attack odds also increase.",,3,container-0641.csv container-0644.csv container-0645.csv,
"自分が〓死になるとパーティー全体にファーストエイドが
発生する。ただし自分自身には発生しない。","When character is on the verge of dying, entire party is given
first aid, except for the dying character him/herself.",,3,container-0641.csv container-0644.csv container-0645.csv,
"状態異常中、すべてのステータスが上昇する。
効果は戦闘時のみ発生する。","All status levels go up when stricken by any ailment.
Effect only occurs in a battle.",,3,container-0641.csv container-0644.csv container-0645.csv,
"クリティカルの威力を倍にする。ただしその一撃で
相手が倒せなかった場合そのダメージを自分も負う","Critical attack power doubles. However, if attack fails to defeat
enemy, damage is inflicted upon character as well.",,3,container-0641.csv container-0644.csv container-0645.csv,
HPの最大値が上昇する。,Increases maximum HP value by 10%.,,3,container-0641.csv container-0644.csv container-0645.csv,
"HPの最大値が上昇する。
リンクで強化できる。","Increases maximum HP value by 3%.
Enhance by linking.",,3,container-0641.csv container-0644.csv container-0645.csv,
"HPの最大値が上昇する。
リンクで強化できる。","Increases maximum HP value by 5%.
Enhance by linking.",,3,container-0641.csv container-0644.csv container-0645.csv,
ATKが上昇する。,Increases ATK by 15%.,,3,container-0641.csv container-0644.csv container-0645.csv,
"ATKが上昇する。
リンクで強化できる。","Increases ATK by 3%.
Enhance by linking.",,3,container-0641.csv container-0644.csv container-0645.csv,
"ATKが上昇する。
リンクで強化できる。","Increases ATK by 5%.
Enhance by linking.",,3,container-0641.csv container-0644.csv container-0645.csv,
MAGが上昇する。,Increases MAG by 15%.,,3,container-0641.csv container-0644.csv container-0645.csv,
"MAGが上昇する。
リンクで強化できる。","Increases MAG by 3%.
Enhance by linking.",,3,container-0641.csv container-0644.csv container-0645.csv,
"MAGが上昇する。
リンクで強化できる。","Increases MAG by 5%.
Enhance by linking.",,3,container-0641.csv container-0644.csv container-0645.csv,
HITが上昇する。,Increases HIT by 15%.,,3,container-0641.csv container-0644.csv container-0645.csv,
"HITが上昇する。
リンクで強化できる。","Increases HIT by 3%.
Enhance by linking.",,3,container-0641.csv container-0644.csv container-0645.csv,
"HITが上昇する。
リンクで強化できる。","Increases HIT by 5%.
Enhance by linking.",,3,container-0641.csv container-0644.csv container-0645.csv,
AVDが上昇する。,Increases AVD by 20%.,,3,container-0641.csv container-0644.csv container-0645.csv,
"AVDが上昇する。
リンクで強化できる。","Increases AVD by 3%.
Enhance by linking.",,3,container-0641.csv container-0644.csv container-0645.csv,
"AVDが上昇する。
リンクで強化できる。","Increases AVD by 5%.
Enhance by linking.",,3,container-0641.csv container-0644.csv container-0645.csv,
RDMが上昇する。,Increases RDM by 15%.,,3,container-0641.csv container-0644.csv container-0645.csv,
"RDMが上昇する。
リンクで強化できる。","Increases RDM by 3%.
Enhance by linking.",,3,container-0641.csv container-0644.csv container-0645.csv,
"RDMが上昇する。
リンクで強化できる。","Increases RDM by 5%.
Enhance by linking.",,3,container-0641.csv container-0644.csv container-0645.csv,
RSTが上昇する。,Increases RST by 20%.,,3,container-0641.csv container-0644.csv container-0645.csv,
"RSTが上昇する。
リンクで強化できる。","Increases RST by 3%.
Enhance by linking.",,3,container-0641.csv container-0644.csv container-0645.csv,
"RSTが上昇する。
リンクで強化できる。","Increases RST by 5%.
Enhance by linking.",,3,container-0641.csv container-0644.csv container-0645.csv,
決め技ダメージが上昇する。,Boosts Special Attack damage by 20%.,,3,container-0641.csv container-0644.csv container-0645.csv,
決め技ダメージが上昇する。,Boosts Special Attack damage by 30%.,,3,container-0641.csv container-0644.csv container-0645.csv,
"決め技ダメージが上昇する。
リンクで強化できる。","Boosts Special Attack damage by 5%.
Enhance by linking.",,3,container-0641.csv container-0644.csv container-0645.csv,
"クリティカルの発生率が上昇する。
複数装備するとその分効果は重複する。","Increases chance of a critical attack.
Equipping more will have a cumulative effect.",,3,container-0641.csv container-0644.csv container-0645.csv,
必ずクリティカルになる。,Guaranteed critical attack.,,3,container-0641.csv container-0644.csv container-0645.csv,
一定確率で攻撃対〓を状態異常（毒）にする。,May inflict Poison on the target.,,3,container-0641.csv container-0644.csv container-0645.csv,
"戦闘中、状態異常（毒）をの確率で無効化する。
リンクで強化できる。","Has a 40% chance of negating Poison during a battle.
Enhance by linking.",,3,container-0641.csv container-0644.csv container-0645.csv,
状態異常（毒）を完全に防ぐ。,Provides protection against Poison.,,3,container-0641.csv container-0644.csv container-0645.csv,
一定確率で攻撃対〓を状態異常（麻痺）にする。,May inflict Paralysis on the target.,,3,container-0641.csv container-0644.csv container-0645.csv,
"戦闘中、状態異常（麻痺）をの確率で無効化する。
リンクで強化できる。","Has a 40% chance of negating Paralysis during a battle.
Enhance by linking.",,3,container-0641.csv container-0644.csv container-0645.csv,
状態異常（麻痺）を完全に防ぐ。,Completely negates Paralysis.,,3,container-0641.csv container-0644.csv container-0645.csv,
ごく〓に攻撃対〓を即死させる。,"On very rare occasions, will inflict Doom on target.",,3,container-0641.csv container-0644.csv container-0645.csv,
一定確率で攻撃対〓を即死させる。,May inflict Doom on the target.,,3,container-0641.csv container-0644.csv container-0645.csv,
"敵の攻撃の即死効果をの確率で無効化する。
リンクで強化できる。","Has a 40% chance of negating Doom caused by a foe's attack.
Enhance by linking.",,3,container-0641.csv container-0644.csv container-0645.csv,
敵の攻撃の即死効果を完全に防ぐ。,Completely negates Doom caused by a foe's attack.,,3,container-0641.csv container-0644.csv container-0645.csv,
一定確率で攻撃対〓を状態異常（沈黙）にする。,May inflict Silence on the target.,,3,container-0641.csv container-0644.csv container-0645.csv,
"戦闘中、状態異常（沈黙）をの確率で無効化する。
リンクで強化できる。","Has a 40% chance of negating Silence during a battle.
Enhance by linking.",,3,container-0641.csv container-0644.csv container-0645.csv,
状態異常（沈黙）を完全に防ぐ。,Completely negates Silence.,,3,container-0641.csv container-0644.csv container-0645.csv,
"戦闘中、状態異常（呪い）をの確率で無効化する。
リンクで強化できる。","Has a 40% chance of negating Curse during a battle.
Enhance by linking.",,3,container-0641.csv container-0644.csv container-0645.csv,
状態異常（呪い）を完全に防ぐ。,Completely negates Curse.,,3,container-0641.csv container-0644.csv container-0645.csv,
一定確率で攻撃対〓を状態異常（混乱）にする。,May inflict Confusion on the target.,,3,container-0641.csv container-0644.csv container-0645.csv,
"戦闘中、状態異常（混乱）をの確率で無効化する。
リンクで強化できる。","Has a 40% chance of negating Confusion during a battle.
Enhance by linking.",,3,container-0641.csv container-0644.csv container-0645.csv,
状態異常（混乱）を完全に防ぐ。,Completely negates Confusion.,,3,container-0641.csv container-0644.csv container-0645.csv,
一定確率で攻撃対〓を状態異常（石化）にする。,May inflict Stone on the target.,,3,container-0641.csv container-0644.csv container-0645.csv,
"戦闘中、状態異常（石化）をの確率で無効化する。
リンクで強化できる。","Has a 40% chance of negating Stone during a battle.
Enhance by linking.",,3,container-0641.csv container-0644.csv container-0645.csv,
状態異常（石化）を完全に防ぐ。,Completely negates Stone.,,3,container-0641.csv container-0644.csv container-0645.csv,
一定確率で攻撃対〓を状態異常（気絶）にする。,May inflict Faint on the target.,,3,container-0641.csv container-0644.csv container-0645.csv,
"戦闘中、状態異常（気絶）をの確率で無効化する。
リンクで強化できる。","Has a 40% chance of negating Faint during a battle.
Enhance by linking.",,3,container-0641.csv container-0644.csv container-0645.csv,
状態異常（気絶）を完全に防ぐ。,Completely negates Faint.,,3,container-0641.csv container-0644.csv container-0645.csv,
一定確率で攻撃対〓を状態異常（凍結）にする。,May inflict Freeze on the target.,,3,container-0641.csv container-0644.csv container-0645.csv,
"戦闘中、状態異常（凍結）をの確率で無効化する。
リンクで強化できる。","Has a 40% chance of negating Freeze during a battle.
Enhance by linking.",,3,container-0641.csv container-0644.csv container-0645.csv,
状態異常（凍結）を完全に防ぐ。,Completely negates Freeze.,,3,container-0641.csv container-0644.csv container-0645.csv,
一定確率で攻撃対〓を状態異常（衰弱）にする。,May inflict Frailty on the target.,,3,container-0641.csv container-0644.csv container-0645.csv,
"戦闘中、状態異常（衰弱）をの確率で無効化する。
リンクで強化できる。","Has a 40% chance of negating Frailty during a battle.
Enhance by linking.",,3,container-0641.csv container-0644.csv container-0645.csv,
状態異常（衰弱）を完全に防ぐ。,Completely negates Frailty.,,3,container-0641.csv container-0644.csv container-0645.csv,
"一定確率で攻撃対〓を毒、混乱、沈黙、凍結、麻痺、
石化、気絶のいずれかにする。","May inflict Poison, Confusion, Silence, Freeze, Paralysis,
Faint, or Stone on the target.",,3,container-0641.csv container-0644.csv container-0645.csv,
"戦闘中、毒、混乱、沈黙、凍結、麻痺、石化、気絶を
の確率で無効化する。リンクで強化できる。","40% chance of negating Poison, Confusion, Silence, Freeze,
Paralysis, Faint or Stone in a battle. Enhance by linking.",,3,container-0641.csv container-0644.csv container-0645.csv,
一定確率で攻撃対〓を戦場外へ転送する。,Chance of teleporting enemy target out of the battlefield.,,3,container-0641.csv container-0644.csv container-0645.csv,
"攻撃時、の炎属性ダメージが加算される。
リンクで強化できる。","Extra 3% of fire damage is inflicted when attacking.
Enhance by linking.",,3,container-0641.csv container-0644.csv container-0645.csv,
"攻撃時、の炎属性ダメージが加算される。
リンクで強化できる。","Extra 5% of fire damage is inflicted when attacking.
Enhance by linking.",,3,container-0641.csv container-0644.csv container-0645.csv,
"炎属性ダメージを減少させる。
リンクで強化できる。","Fire damage is reduced by 3%.
Enhance by linking.",,3,container-0641.csv container-0644.csv container-0645.csv,
"炎属性ダメージを減少させる。
リンクで強化できる。","Fire damage is reduced by 5%.
Enhance by linking.",,3,container-0641.csv container-0644.csv container-0645.csv,
"炎属性ダメージをの確率で吸収する。
リンクで強化できる。","3% chance of draining foe's health with fire damage and adding
it to own HP. Enhance by linking.",,3,container-0641.csv container-0644.csv container-0645.csv,
"炎属性ダメージをの確率で吸収する。
リンクで強化できる。","5% chance of draining foe's health with fire damage and adding
it to own HP. Enhance by linking.",,3,container-0641.csv container-0644.csv container-0645.csv,
"攻撃時、の氷属性ダメージが加算される。
リンクで強化できる。","Extra 3% of freeze damage is inflicted when attacking.
Enhance by linking.",,3,container-0641.csv container-0644.csv container-0645.csv,
"攻撃時、の氷属性ダメージが加算される。
リンクで強化できる。","Extra 5% of freeze damage is inflicted when attacking.
Enhance by linking.",,3,container-0641.csv container-0644.csv container-0645.csv,
"氷属性ダメージを減少させる。
リンクで強化できる。","Freeze damage is reduced by 3%.
Enhance by linking.",,3,container-0641.csv container-0644.csv container-0645.csv,
"氷属性ダメージを減少させる。
リンクで強化できる。","Freeze damage is reduced by 5%.
Enhance by linking.",,3,container-0641.csv container-0644.csv container-0645.csv,
"氷属性ダメージをの確率で吸収する。
リンクで強化できる。","3% chance of draining foe's health with freeze damage and
adding it to own HP. Enhance by linking.",,3,container-0641.csv container-0644.csv container-0645.csv,
"氷属性ダメージをの確率で吸収する。
リンクで強化できる。","5% chance of draining foe's health with freeze damage and
adding it to own HP. Enhance by linking.",,3,container-0641.csv container-0644.csv container-0645.csv,
"攻撃時、の雷属性ダメージが加算される。
リンクで強化できる。","Extra 3% of lightning damage is inflicted when attacking.
Enhance by linking.",,3,container-0641.csv container-0644.csv container-0645.csv,
"攻撃時、の雷属性ダメージが加算される。
リンクで強化できる。","Extra 5% of lightning damage is inflicted when attacking.
Enhance by linking.",,3,container-0641.csv container-0644.csv container-0645.csv,
"雷属性ダメージを減少させる。
リンクで強化できる。","Lightning damage is reduced by 3%.
Enhance by linking.",,3,container-0641.csv container-0644.csv container-0645.csv,
"雷属性ダメージを減少させる。
リンクで強化できる。","Lightning damage is reduced by 5%.
Enhance by linking.",,3,container-0641.csv container-0644.csv container-0645.csv,
"雷属性ダメージをの確率で吸収する。
リンクで強化できる。","3% chance of draining foe's health with lightning damage and
adding it to own HP. Enhance by linking.",,3,container-0641.csv container-0644.csv container-0645.csv,
"雷属性ダメージをの確率で吸収する。
リンクで強化できる。","5% chance of draining foe's health with lightning damage and
adding it to own HP. Enhance by linking.",,3,container-0641.csv container-0644.csv container-0645.csv,
"攻撃時、の土属性ダメージが加算される。
リンクで強化できる。","Extra 3% of earth damage is inflicted when attacking.
Enhance by linking.",,3,container-0641.csv container-0644.csv container-0645.csv,
"攻撃時、の土属性ダメージが加算される。
リンクで強化できる。","Extra 5% of earth damage is inflicted when attacking.
Enhance by linking.",,3,container-0641.csv container-0644.csv container-0645.csv,
"土属性ダメージを減少させる。
リンクで強化できる。","Earth damage is reduced by 3%.
Enhance by linking.",,3,container-0641.csv container-0644.csv container-0645.csv,
"土属性ダメージを減少させる。
リンクで強化できる。","Earth damage is reduced by 5%.
Enhance by linking.",,3,container-0641.csv container-0644.csv container-0645.csv,
"土属性ダメージをの確率で吸収する。
リンクで強化できる。","3% chance of draining foe's health with earth damage and
adding it to own HP. Enhance by linking.",,3,container-0641.csv container-0644.csv container-0645.csv,
"土属性ダメージをの確率で吸収する。
リンクで強化できる。","5% chance of draining foe's health with earth damage and
adding it to own HP. Enhance by linking.",,3,container-0641.csv container-0644.csv container-0645.csv,
"攻撃時、の聖属性ダメージが加算される。
リンクで強化できる。","Extra 3% of holy damage is inflicted when attacking.
Enhance by linking.",,3,container-0641.csv container-0644.csv container-0645.csv,
"攻撃時、の聖属性ダメージが加算される。
リンクで強化できる。","Extra 5% of holy damage is inflicted when attacking.
Enhance by linking.",,3,container-0641.csv container-0644.csv container-0645.csv,
"聖属性ダメージを減少させる。
リンクで強化できる。","Holy damage is reduced by 3%.
Enhance by linking.",,3,container-0641.csv container-0644.csv container-0645.csv,
"聖属性ダメージを減少させる。
リンクで強化できる。","Holy damage is reduced by 5%.
Enhance by linking.",,3,container-0641.csv container-0644.csv container-0645.csv,
"攻撃時、の闇属性ダメージが加算される。
リンクで強化できる。","Extra 3% of darkness damage is inflicted when attacking.
Enhance by linking.",,3,container-0641.csv container-0644.csv container-0645.csv,
"攻撃時、の闇属性ダメージが加算される。
リンクで強化できる。","Extra 5% of darkness damage is inflicted when attacking.
Enhance by linking.",,3,container-0641.csv container-0644.csv container-0645.csv,
"闇属性ダメージを減少させる。
リンクで強化できる。","Darkness damage is reduced by 3%.
Enhance by linking.",,3,container-0641.csv container-0644.csv container-0645.csv,
"闇属性ダメージを減少させる。
リンクで強化できる。","Darkness damage is reduced by 5%.
Enhance by linking.",,3,container-0641.csv container-0644.csv container-0645.csv,
"獣系の敵に対して高いダメージを与える。
クリティカルスキル（ビーストスレイヤー）の効果。","Inflicts heavy damage against Beast enemies.
A critical skill effect (Beast Bludgeon).",,3,container-0641.csv container-0644.csv container-0645.csv,
"植物系の敵に対して高いダメージを与える。
クリティカルスキル（プラントスレイヤー）の効果。","Inflicts heavy damage against Plant enemies.
A critical skill effect (Weed Whacker).",,3,container-0641.csv container-0644.csv container-0645.csv,
"虫系の敵に対して高いダメージを与える。
クリティカルスキル（インセクトスレイヤー）の効果。","Inflicts heavy damage against Insect enemies.
A critical skill effect (Bug Swatter).",,3,container-0641.csv container-0644.csv container-0645.csv,
"魔術師系の敵に対して高いダメージを与える。
クリティカルスキル（マジックスレイヤー）の効果。","Inflicts heavy damage against Magic enemies.
A critical skill effect (Magician Slayer).",,3,container-0641.csv container-0644.csv container-0645.csv,
"不浄な敵に対して高いダメージを与える。
クリティカルスキル（アンホーリースレイヤー）の効果。","Inflicts heavy damage against Unholy enemies.
A critical skill effect (Unholy Purifier).",,3,container-0641.csv container-0644.csv container-0645.csv,
"鱗に覆われた敵に対して高いダメージを与える。
クリティカルスキル（スケイルスラッシャー）の効果。","Inflicts heavy damage against Scaled enemies.
A critical skill effect (Descaling Might).",,3,container-0641.csv container-0644.csv container-0645.csv,
"実体を持たない敵に対して高いダメージを与える。
クリティカルスキル（ゴーストバスター）の効果。","Inflicts heavy damage against Incorporeal enemies.
A critical skill effect (Ghost Buster).",,3,container-0641.csv container-0644.csv container-0645.csv,
"巨大な敵に対して高いダメージを与える。
クリティカルスキル（ジャイアントキラー）の効果。","Inflicts heavy damage against Giant enemies.
A critical skill effect (Giant Killer).",,3,container-0641.csv container-0644.csv container-0645.csv,
"竜系の敵に対して高いダメージを与える。
クリティカルスキル（ドラゴンスレイヤー）の効果。","Inflicts heavy damage against Dragon enemies.
A critical skill effect (Dragon Slayer).",,3,container-0641.csv container-0644.csv container-0645.csv,
"悪魔族の敵に対して高いダメージを与える。
クリティカルスキル（デーモンスレイヤー）の効果。","Inflicts heavy damage against Demon enemies.
A critical skill effect (Demon Destroyer).",,3,container-0641.csv container-0644.csv container-0645.csv,
"神族の敵に対して高いダメージを与える。
クリティカルスキル（ゴッドスレイヤー）の効果。","Inflicts heavy damage against Divine enemies.
A critical skill effect (God Destroyer).",,3,container-0641.csv container-0644.csv container-0645.csv,
攻撃時、の確率で攻撃対〓を状態異常（混乱）にする。,A 10% chance of inflicting Confusion on the foe when attacking.,,3,container-0641.csv container-0644.csv container-0645.csv,
"ダメージが大きくぶれるようになる。
神族系の場合、さらに倍になる。","Causes attack damage to vary greatly.
Doubly so against Divine enemies.",,3,container-0641.csv container-0644.csv container-0645.csv,
装備すると、戦闘開始時に状態異常（衰弱）が発生する。,"When equipped, Frailty is inflicted when a battle begins.",,3,container-0641.csv container-0644.csv container-0645.csv,
"攻撃を受けると、その〓てに状態異常（衰弱）が
発生する。",Causes Frailty for all attacks in which damage is received.,,3,container-0641.csv container-0644.csv container-0645.csv,
攻撃ダメージが現レベルの倍の値に〓定される。,Attack damage equal to character level multiplied by 20.,,3,container-0641.csv container-0644.csv container-0645.csv,
全ての属性と状態異常耐性を無にする。,All element tolerance and ailment resistance is nullified.,,3,container-0641.csv container-0644.csv container-0645.csv,
神の祝福により傷が癒える。,Wounds are healed by the blessing of the gods.,,3,container-0641.csv container-0644.csv container-0645.csv,
女性に対して高いダメージを与える。,Inflicts heavy damage against female characters.,,3,container-0641.csv container-0644.csv container-0645.csv,
これが真実の公弐設定らしい。,The official figures are in!,,3,container-0641.csv container-0644.csv container-0645.csv,
コンボゲージ増加量が通常の.倍になる。,Combo Gauge increase is set to 1.5 times normal.,,3,container-0641.csv container-0644.csv container-0645.csv,
攻撃が度ヒットするようになる。,Strike twice with each attack.,,3,container-0641.csv container-0644.csv container-0645.csv,
封印石,Sealstones,,3,container-0643.csv container-0648.csv,
パーティー,Party,,3,container-0643.csv,
ステータス,Status,,3,container-0643.csv,
環境設定,Settings,,3,container-0643.csv,
データ,Data,,3,container-0643.csv,
スキル,Skills,,3,container-0643.csv,
通常攻撃,Attacks,,3,container-0643.csv,
装備品,Equipment,,3,container-0643.csv container-0644.csv,
アクセサリー,Accessory,,3,container-0643.csv container-0644.csv container-0645.csv,
NEXT,Next,,3,container-0643.csv container-0649.csv container-0650.csv,
ATK,ATK,,3,container-0643.csv container-0649.csv container-0650.csv,
MAG,MAG,,3,container-0643.csv container-0649.csv container-0650.csv,
HIT,HIT,,3,container-0643.csv container-0649.csv container-0650.csv,
AVD,AVD,,3,container-0643.csv container-0649.csv container-0650.csv,
RDM,RDM,,3,container-0643.csv container-0649.csv container-0650.csv,
RST,RST,,3,container-0643.csv container-0649.csv container-0650.csv,
ソート,Sort,,3,container-0644.csv container-0645.csv container-0648.csv,
リベリオントゥルース,Rebellious Truth,,3,container-0644.csv container-0647.csv container-0650.csv,
ブラッドレイン,Blood Rain,,3,container-0644.csv container-0647.csv container-0650.csv,
サンダーブレイク,Thunder Break,,3,container-0644.csv container-0647.csv container-0650.csv,
デッドエンド,Dead End,,3,container-0644.csv container-0647.csv container-0650.csv,
ディスメンバーレギオン,Dismember Legion,,3,container-0644.csv container-0647.csv container-0650.csv,
コードブレイク,Code Break,,3,container-0644.csv container-0647.csv container-0650.csv,
ソニックエッジ,Sonic Edge,,3,container-0644.csv container-0647.csv container-0650.csv,
バスターシュート,Smashing Shot,,3,container-0644.csv container-0647.csv container-0650.csv,
より多くの封印石を〓帯できるようにする秘宝。,A mysterious treasure that allows one to carry more sealstones.,,3,container-0644.csv,
HEAD,Head,,3,container-0645.csv container-0649.csv container-0650.csv,
BODY,Body,,3,container-0645.csv container-0649.csv container-0650.csv,
ARM,Arms,,3,container-0645.csv container-0649.csv container-0650.csv,
FEET,Legs,,3,container-0645.csv container-0649.csv container-0650.csv,
ACC 1,Acc. 1,,3,container-0645.csv container-0649.csv container-0650.csv,
ACC 2,Acc. 2,,3,container-0645.csv container-0649.csv container-0650.csv,
ACC 3,Acc. 3,,3,container-0645.csv container-0649.csv container-0650.csv,
ACC 4,Acc. 4,,3,container-0645.csv container-0649.csv container-0650.csv,
アイアンフィスト,Fists of Iron,,3,container-0645.csv container-0646.csv container-0650.csv,
マインドバースト,Mental Boost,,3,container-0645.csv container-0646.csv container-0650.csv,
ハードボディ,Fortify Physique,,3,container-0645.csv container-0646.csv container-0650.csv,
レジストマジック,Resist Magic,,3,container-0645.csv container-0646.csv container-0650.csv,
アドヴァーシティ,Adversity,,3,container-0645.csv container-0646.csv container-0650.csv,
ヒロイズム,Heroism,,3,container-0645.csv container-0646.csv container-0650.csv,
フェイント,Psychosoma,,3,container-0645.csv container-0646.csv container-0650.csv,
タフネス,Toughness,,3,container-0645.csv container-0646.csv container-0650.csv,
トレーニング,Training,,3,container-0645.csv container-0646.csv container-0650.csv,
オブサベイシヨン,Observation,,3,container-0645.csv container-0646.csv container-0650.csv,
ソリタリィストラグル,Solitary Struggle,,3,container-0645.csv container-0646.csv container-0650.csv,
マイトブロウ,Mighty Blow,,3,container-0645.csv container-0646.csv container-0650.csv,
ブレイクアップ,Break Up,,3,container-0645.csv container-0646.csv container-0650.csv,
スピリットコントロール,Spirit Control,,3,container-0645.csv container-0646.csv container-0650.csv,
ヒートアップ,Heat Up,,3,container-0645.csv container-0646.csv container-0650.csv,
ダブルエッジ,Double Edge,,3,container-0645.csv container-0646.csv container-0650.csv,
オーバーロード,Overload,,3,container-0645.csv container-0646.csv container-0650.csv,
トリプルエッジ,Triple Edge,,3,container-0645.csv container-0646.csv container-0650.csv,
ガッツ,Survival,,3,container-0645.csv container-0646.csv container-0650.csv,
リフレックスムーブメント,Reflex Movement,,3,container-0645.csv container-0646.csv container-0650.csv,
プロテクトマジック,Magic Mail,,3,container-0645.csv container-0646.csv container-0650.csv,
キュアコンディシヨン,Cure Condition,,3,container-0645.csv container-0646.csv container-0650.csv,
HPリザーブ（）,Force Field (100),,3,container-0645.csv container-0646.csv container-0650.csv,
ファーストエイド,First Aid,,3,container-0645.csv container-0646.csv container-0650.csv,
フリーアイテム,Free Item,,3,container-0645.csv container-0646.csv container-0650.csv,
リジェネレーシヨンヒール,Regenerate Health,,3,container-0645.csv container-0646.csv container-0650.csv,
HPリザーブ（）,Force Field (1000),,3,container-0645.csv container-0646.csv container-0650.csv,
ガードモーシヨン,Guard Motion,,3,container-0645.csv container-0646.csv container-0650.csv,
バイタルアジャスメント,Victorious Vitality,,3,container-0645.csv container-0646.csv container-0650.csv,
HPリザーブ（）,Force Field (5000),,3,container-0645.csv container-0646.csv container-0650.csv,
マジックコントロール,Reduce Magic,,3,container-0645.csv container-0646.csv container-0650.csv,
ミサイルプロテクシヨン,Missile Protection,,3,container-0645.csv container-0646.csv container-0650.csv,
ロストエモーシヨン,Mind Lock,,3,container-0645.csv container-0646.csv container-0650.csv,
トゥルーシーイング,True Seeing,,3,container-0645.csv container-0646.csv container-0650.csv,
ビーストスレイヤー,Beast Bludgeon,,3,container-0645.csv container-0646.csv container-0650.csv,
プラントスレイヤー,Weed Whacker,,3,container-0645.csv container-0646.csv container-0650.csv,
インセクトスレイヤー,Bug Swatter,,3,container-0645.csv container-0646.csv container-0650.csv,
マジックスレイヤー,Magician Slayer,,3,container-0645.csv container-0646.csv container-0650.csv,
アンホーリィスレイヤー,Unholy Purifier,,3,container-0645.csv container-0646.csv container-0650.csv,
スケイルスラッシャー,Descaling Might,,3,container-0645.csv container-0646.csv container-0650.csv,
ゴーストバスター,Ghost Buster,,3,container-0645.csv container-0646.csv container-0650.csv,
ジャイアントキラー,Giant Killer,,3,container-0645.csv container-0646.csv container-0650.csv,
ゴッドスレイヤー,God Destroyer,,3,container-0645.csv container-0646.csv container-0650.csv,
デーモンスレイヤー,Demon Destroyer,,3,container-0645.csv container-0646.csv container-0650.csv,
ボディパッセージ,Dismantle,,3,container-0645.csv container-0646.csv container-0650.csv,
デスパレーシヨン,Desperate Measures,,3,container-0645.csv container-0646.csv container-0650.csv,
ジャストガード,Precision Parry,,3,container-0645.csv container-0646.csv container-0650.csv,
カウンターアタック,Counter Attack,,3,container-0645.csv container-0646.csv container-0650.csv,
戦闘中のATKを.倍にする事ができる。,Increases ATK to 120% during battle.,,3,container-0645.csv container-0646.csv container-0650.csv,
戦闘中のMAGを.倍にする事ができる。,Increases MAG to 120% during battle.,,3,container-0645.csv container-0646.csv container-0650.csv,
戦闘中のRDMを.倍にする事ができる。,Increases RDM to 150% during battle.,,3,container-0645.csv container-0646.csv container-0650.csv,
戦闘中のRSTを.倍にする事ができる。,Increases RST to 150% during battle.,,3,container-0645.csv container-0646.csv container-0650.csv,
"味方パーティーより敵のほうが多い場合、その人数の差ごとに
ATK・MAG・HIT・AVD・RDM・RSTが上昇する。","Increases ATK, MAG, HIT, AVD, RDM, and RST for each extra
enemy when they outnumber the party.",,3,container-0645.csv container-0646.csv container-0650.csv,
"戦闘で敵が死亡するたびに敵に与えるダメージが
上昇する。",Increases attack +20% for each enemy that dies during battle.,,3,container-0645.csv container-0646.csv container-0650.csv,
"戦闘中の攻撃の際に、ATKとMAGの値を足して
攻撃する事ができる。",Combines ATK and MAG values for attacks during battle.,,3,container-0645.csv container-0646.csv container-0650.csv,
戦闘中の最大HPとHPを倍にする事ができる。,Doubles current HP and maximum HP during battle.,,3,container-0645.csv container-0646.csv container-0650.csv,
"戦闘中のATK・MAG・HIT・AVD・RDM・RST値が低下する。
だが戦闘で入手する経験値は.倍になる。","Reduces ATK, MAG, HIT, AVD, RDM, and RST by 20% in battle,
but increases experience received to 150%.",,3,container-0645.csv container-0646.csv container-0650.csv,
"戦闘中に一定の時間が経過するたびに
ATK・MAG・HIT・AVD・RDM・RSTの値が少しずつ上昇する。","ATK, MAG, HIT, AVD, RDM, and RST values increase slightly
per fixed interval during battle.",,3,container-0645.csv container-0646.csv container-0650.csv,
"死亡している味方の数に比例して
ATK・MAG・HIT・AVD・RDM・RSTの値が上昇する。","Increases ATK, MAG, HIT, AVD, RDM, and RST according to
number of fallen allies.",,3,container-0645.csv container-0646.csv container-0650.csv,
"攻撃によって敵を気絶させる事ができる。
さらに攻撃によって敵のガードを破壊しやすくなる。","Makes attacks cause enemy to faint. Further attacks are more likely
to break enemy guard.",,3,container-0645.csv container-0646.csv container-0650.csv,
"自分の攻撃によって敵の部位を切断した時に
ブレイクモードに突入する確率が上昇する。","Increases chances of entering Break Mode when part of enemy is
broken off.",,3,container-0645.csv container-0646.csv container-0650.csv,
自分の攻撃によって出現する紫炎石の量が増加する。,Increases the amount of purple gems that appear after an attack.,,3,container-0645.csv container-0646.csv container-0650.csv,
自分の攻撃によって上昇する決め技ゲージの量が増加する。,Increases the amount your special attack gauge rises after an attack.,,3,container-0645.csv container-0646.csv container-0650.csv,
回の攻撃によってダメージを回与える事ができる。,Deals damage twice in a single attack.,,3,container-0645.csv container-0646.csv container-0650.csv,
"魔法の威力が.倍に上昇する。
ただし、味方にも魔法が命中するようになる。","Increases power of magic to 150%.
However, magic will strike allies as well.",,3,container-0645.csv container-0646.csv container-0650.csv,
回の攻撃によってダメージを回与える事ができる。,Deals damage thrice in a single attack.,,3,container-0645.csv container-0646.csv container-0650.csv,
"HPが以上残っていた場合、
HPが以下になる攻撃を受けても残る。","Leaves 1 HP after an otherwise fatal attack if character has at 
least 10% of maximum HP to start with.",,3,container-0645.csv container-0646.csv container-0650.csv,
"敵の攻撃を受けてのノックバックの最中にも
防御と回避の判定を行う事ができる。",Enables blocking and evading of enemy attacks when knocked back.,,3,container-0645.csv container-0646.csv container-0650.csv,
"魔法系の特殊な攻撃をガードや回避
する事が可能になる。",Enables guarding against and evading special magic-based attacks.,,3,container-0645.csv container-0646.csv container-0650.csv,
"戦闘中、通常よりも短い時間で
状態異常から回復する事ができる。",Enables quicker recovery than usual from status ailments during battle.,,3,container-0645.csv container-0646.csv container-0650.csv,
の耐久力を持つ結界で自分を守る事ができる。,Protects user with a force field that can withstand 100 damage.,,3,container-0645.csv container-0646.csv container-0650.csv,
"敵から攻撃を受けた場合、一定の確率で
そのときに受けたダメージの半分を回復する事ができる。",May restore half the damage inflicted by an enemy attack afterwards.,,3,container-0645.csv container-0646.csv container-0650.csv,
アイテムを使用する際にAPを消費しなくなる。,Enables you to use items at no AP cost.,,3,container-0645.csv container-0646.csv container-0650.csv,
戦闘中、一定時間ごとにHPが回復するようになる。,Restores HP at fixed intervals during battle.,,3,container-0645.csv container-0646.csv container-0650.csv,
の耐久力を持つ結界で自分を守る事ができる。,Protects user with a force field that can withstand 1000 damage.,,3,container-0645.csv container-0646.csv container-0650.csv,
"受けるダメージを軽減する事ができる。
ただし回避と防御は行えず、状態異常にかかりやすくなる。","Reduces damage received by 20%. However, prohibits blocking and
evading. Renders user susceptible to status ailments.",,3,container-0645.csv container-0646.csv container-0650.csv,
戦闘勝利時にHPを回復する事ができる。,Restores HP to 100% when victory is achieved.,,3,container-0645.csv container-0646.csv container-0650.csv,
の耐久力を持つ結界で自分を守る事ができる。,Protects user with a force field that can withstand 5000 damage.,,3,container-0645.csv container-0646.csv container-0650.csv,
自分が受ける魔法の効果が攻撃・回復を問わず全て半分になる。,"Halves efficacy of all magic received, whether damage or recovery.",,3,container-0645.csv container-0646.csv container-0650.csv,
正面からの飛び道具を完全にガードする事ができる。,Guards against all projectiles frontally.,,3,container-0645.csv container-0646.csv container-0650.csv,
心を閉ざし、外部からの精神的な影響を一切受けなくする。,Renders the spirit impermeable to outside spiritual influences.,,3,container-0645.csv container-0646.csv container-0650.csv,
クリティカル攻撃の発生確率が上昇する。,Increases the occurence of critical attacks.,,3,container-0645.csv container-0646.csv container-0650.csv,
"獣系の敵に絶大な効果を持つ攻撃を
繰り出す事ができる。",Enables attacks with massive effects against Beast enemies.,,3,container-0645.csv container-0646.csv container-0650.csv,
"植物系の敵に絶大な効果を持つ攻撃を
繰り出す事ができる。",Enables attacks with massive effects against Plant enemies.,,3,container-0645.csv container-0646.csv container-0650.csv,
"虫系の敵に絶大な効果を持つ攻撃を
繰り出す事ができる。",Enables attacks with massive effects against Insect enemies.,,3,container-0645.csv container-0646.csv container-0650.csv,
"魔術師系の敵に絶大な効果を持つ攻撃を
繰り出す事ができる。",Enables attacks with massive effects against Magic enemies.,,3,container-0645.csv container-0646.csv container-0650.csv,
"不浄な敵に絶大な効果を持つ攻撃を
繰り出す事ができる。",Enables attacks with massive effects against Unholy enemies.,,3,container-0645.csv container-0646.csv container-0650.csv,
うろこに覆われた敵に対して攻撃力が増加する。,Increases power of attacks against Scaled enemies.,,3,container-0645.csv container-0646.csv container-0650.csv,
実体を持たない敵にも攻撃を与える事ができる。,Enables you to attack enemies without material bodies.,,3,container-0645.csv container-0646.csv container-0650.csv,
巨大な敵に対して攻撃力が増加する。,Increases power of attacks against Giant enemies.,,3,container-0645.csv container-0646.csv container-0650.csv,
"竜系の敵に絶大な効果を持つ攻撃を
繰り出す事ができる。",Enables attacks with massive effects against Dragon enemies.,,3,container-0645.csv container-0646.csv container-0650.csv,
"神族に絶大な効果を持つ攻撃を
繰り出す事ができる。",Enables attacks with massive effects against Divine enemies.,,3,container-0645.csv container-0646.csv container-0650.csv,
"悪魔族に絶大な効果を持つ攻撃を
繰り出す事ができる。",Enables attacks with massive effects against Demon enemies.,,3,container-0645.csv container-0646.csv container-0650.csv,
"クリティカル攻撃によって、敵の体を一刀のもとに
切断する事ができるようになる。",Splits an enemy in two with a critical attack.,,3,container-0645.csv container-0646.csv container-0650.csv,
"攻撃によって敵の体を切断する事ができるようになる。
ただし、このスキルをつけている本人の最大HPはになる。","Splits an enemy in two with an attack.
However, the bearer of this skill's maximum HP is set to 1.",,3,container-0645.csv container-0646.csv container-0650.csv,
"敵の攻撃を受けた瞬間に、そのキャラクターに対応するボタンを
タイミングよく押す事で攻撃をガードできる。","Performs guard when the button of the attacked character
is pressed at the moment of the attack.",,3,container-0645.csv container-0646.csv container-0650.csv,
"方向キーを押しながらボタンを入力する事で出せる
特殊入力の通常攻撃をセットできるようになる。","Set special input for normal attack, to be performed by
pressing a button while holding the directional button.",,3,container-0645.csv container-0646.csv container-0650.csv,
"敵の攻撃を回避した際にアイコンが出現、
タイミングよくボタンを押す事で反撃をする事ができる。","Displays icon after character is attacked. Press the
button when you see it to counter attack.",,3,container-0645.csv container-0646.csv container-0650.csv,
キャラ,<8099>-<8099>+Char.,,3,container-0646.csv container-0647.csv container-0650.csv,
先頭マップ,TOP_MAP,,3,container-0648.csv container-0652.csv container-0866.csv,
ミッドガルド,Midgard,,3,container-0648.csv container-0652.csv container-0866.csv,
エンドロール（マップ）,ENDROLL_MAP,,3,container-0648.csv container-0652.csv container-0866.csv,
サウンド・モード,Sound Mode,,3,container-0648.csv container-0652.csv container-0866.csv,
起動用マップ,SCEBOOT,,3,container-0648.csv container-0652.csv container-0866.csv,
戦乙女,Battle Maiden,,3,container-0650.csv,
,26,,3,container-0650.csv,
,22,,3,container-0650.csv,
,32,,3,container-0650.csv,
,24,,3,container-0650.csv,
大陸暦年,724 C.C.,,3,container-0650.csv,
AP,AP,,2,battle-menu-runtime.csv container-0647.csv,Battle UI block; Japanese decoded from SLPM-66419 runtime state
攻撃回数,Attacks,,2,battle-menu-runtime.csv container-0647.csv,Battle UI block; Japanese decoded from SLPM-66419 runtime state
〓入,Buy,,2,container-0641.csv,
物理耐性〓に並び替えます,Arrange by physical tolerance.,,2,container-0641.csv container-0645.csv,
行商人,Peddler,,2,container-0641.csv,
よろず屋,General Store,,2,container-0641.csv,
シルメリア,Silmeria,,2,container-0641.csv container-0643.csv,
ブラムス,Brahms,,2,container-0641.csv container-0643.csv,
ルーファス,Rufus,,2,container-0641.csv container-0643.csv,
レザード,Lezard,,2,container-0641.csv container-0643.csv,
アリューゼ,Arngrim,,2,container-0641.csv container-0643.csv,
ディラン,Dylan,,2,container-0641.csv container-0643.csv,
レオーネ,Leone,,2,container-0641.csv container-0643.csv,
アーリィ,Hrist,,2,container-0641.csv container-0643.csv,
レナス,Lenneth,,2,container-0641.csv container-0643.csv,
ヴァルキリー,Valkyrie,,2,container-0641.csv container-0643.csv,
アリーシャ,Alicia,,2,container-0641.csv container-0643.csv,
アリーシャ後半,Alicia (after),,2,container-0641.csv container-0643.csv,
フレイ,Freya,,2,container-0641.csv container-0643.csv,
ウル,Ull,,2,container-0641.csv container-0643.csv,
ヘイムダル,Heimdall,,2,container-0641.csv container-0643.csv,
ルイン,Lwyn,,2,container-0641.csv container-0643.csv,
ジェシカ,Jessica,,2,container-0641.csv container-0643.csv,
リシェル,Richelle,,2,container-0641.csv container-0643.csv,
フローディア,Fraudir,,2,container-0641.csv container-0643.csv,
セレス,Celes,,2,container-0641.csv container-0643.csv,
クレセント,Crescent,,2,container-0641.csv container-0643.csv,
シルフィード,Sylphide,,2,container-0641.csv container-0643.csv,
ティリス,Tyrith,,2,container-0641.csv container-0643.csv,
キルケ,Circe,,2,container-0641.csv container-0643.csv,
ラシーカ,Rasheeka,,2,container-0641.csv container-0643.csv,
ファルクス,Falx,,2,container-0641.csv container-0643.csv,
ジェラルド,Gerald,,2,container-0641.csv container-0643.csv,
ギルム,Guilm,,2,container-0641.csv container-0643.csv,
ローランド,Roland,,2,container-0641.csv container-0643.csv,
エーレン,Ehlen,,2,container-0641.csv container-0643.csv,
アドニス,Adonis,,2,container-0641.csv container-0643.csv,
アーロン,Aaron,,2,container-0641.csv container-0643.csv,
ディーン,Dyn,,2,container-0641.csv container-0643.csv,
クラッド,Kraad,,2,container-0641.csv container-0643.csv,
ザンデ,Zunde,,2,container-0641.csv container-0643.csv,
アトレイシア,Atrasia,,2,container-0641.csv container-0643.csv,
フィレス,Phyress,,2,container-0641.csv container-0643.csv,
クリスティ,Chrystie,,2,container-0641.csv container-0643.csv,
紗紺,Sha-kon,,2,container-0641.csv container-0643.csv,
リリア,Lylia,,2,container-0641.csv container-0643.csv,
リディア,Lydia,,2,container-0641.csv container-0643.csv,
ソファラ,Sophalla,,2,container-0641.csv container-0643.csv,
ミリティア,Millidia,,2,container-0641.csv container-0643.csv,
アルカナ,Arcana,,2,container-0641.csv container-0643.csv,
エルド,Ehrde,,2,container-0641.csv container-0643.csv,
ミトラ,Mithra,,2,container-0641.csv container-0643.csv,
イージス,Aegis,,2,container-0641.csv container-0643.csv,
ソロン,Psoron,,2,container-0641.csv container-0643.csv,
カノン,Khanon,,2,container-0641.csv container-0643.csv,
ファーラント,Farant,,2,container-0641.csv container-0643.csv,
ゼノン,Xehnon,,2,container-0641.csv container-0643.csv,
アルム,Alm,,2,container-0641.csv container-0643.csv,
セルヴィア,Seluvia,,2,container-0641.csv container-0643.csv,
魔智,Masato,,2,container-0641.csv container-0643.csv,
ウォルター,Woltar,,2,container-0641.csv container-0643.csv,
先頭マップ 先頭マップ,TOP_MAP TOP_MAP,,2,container-0642.csv,
その他,Other,,2,container-0643.csv container-0644.csv,
魔法,Spells,,2,container-0643.csv container-0647.csv,
〓,:,,2,container-0643.csv container-0652.csv,
EMPTY,Empty,,2,container-0643.csv container-0644.csv,
アイテム,Item,,2,container-0644.csv,
数,Qty.,,2,container-0644.csv container-0645.csv,
新〓入手,Newest,,2,container-0644.csv container-0645.csv,
ルーン〓赤〓〓,Rune (Red),,2,container-0644.csv container-0645.csv,
ルーン〓青〓〓,Rune (Blue),,2,container-0644.csv container-0645.csv,
ルーン〓緑〓〓,Rune (Green),,2,container-0644.csv container-0645.csv,
ルーン〓無〓〓,Rune (No),,2,container-0644.csv container-0645.csv,
新しく入手した物を先頭に並び替えます,Place newly acquired at top.,,2,container-0644.csv container-0645.csv,
ルーン〓赤〓を先頭に並び替えます,Place runes (red) at top.,,2,container-0644.csv container-0645.csv,
ルーン〓青〓を先頭に並び替えます,Place runes (blue) at top.,,2,container-0644.csv container-0645.csv,
ルーン〓緑〓を先頭に並び替えます,Place runes (green) at top.,,2,container-0644.csv container-0645.csv,
ルーン〓無〓を先頭に並び替えます,Place runes (no color) at top.,,2,container-0644.csv container-0645.csv,
武器,Weapon,,2,container-0645.csv container-0647.csv,
ステータススキル,Status Skill,,2,container-0645.csv container-0646.csv,
アタックスキル,Attack Skill,,2,container-0645.csv container-0646.csv,
ディフェンススキル,Defense Skill,,2,container-0645.csv container-0646.csv,
クリティカルスキル,Critical Skill,,2,container-0645.csv container-0646.csv,
リアクシヨンスキル,Reaction Skill,,2,container-0645.csv container-0646.csv,
スキル切替 ページ,<8099>2<8099>3Switch Skill <8099>8<8099>9Page,,2,container-0645.csv container-0646.csv,
バックワードフロウ,Ravaging Rush,,2,container-0647.csv container-0650.csv,
デッドリーレイド,Deadly Raid,,2,container-0647.csv container-0650.csv,
ソウルシェイカー,Soul Shaker,,2,container-0647.csv container-0650.csv,
オーバーハンマー,Overhammer,,2,container-0647.csv container-0650.csv,
アースブレイク,Earth Break,,2,container-0647.csv container-0650.csv,
イモータルブロウ,Immortal Blow,,2,container-0647.csv container-0650.csv,
バスターハンマー,Smashing Hammer,,2,container-0647.csv container-0650.csv,
ブラッドハーケン,Blood Chisel,,2,container-0647.csv container-0650.csv,
サンダーアロー,Thunder Arrow,,2,container-0647.csv container-0650.csv,
アブソリュートウェイブ,Absolute Wave,,2,container-0647.csv container-0650.csv,
レイティングソーン,Killing Thorn,,2,container-0647.csv container-0650.csv,
サンダーフォール,Thunder Fall,,2,container-0647.csv container-0650.csv,
フリージングランサー,Freezing Lance,,2,container-0647.csv container-0650.csv,
ハイウインド,High Wind,,2,container-0647.csv container-0650.csv,
レンチングスイング,Wrenching Swing,,2,container-0647.csv container-0650.csv,
スピニングバックナックル,Spinning Back-Knuckle,,2,container-0647.csv container-0650.csv,
トータルエンド,Total End,,2,container-0647.csv container-0650.csv,
ストームエッジ,Storm Edge,,2,container-0647.csv container-0650.csv,
インクレブルエイク,Wild Break,,2,container-0647.csv container-0650.csv,
ロストライフ,Lost Life,,2,container-0647.csv container-0650.csv,
ストリームエッジ,Hurricane Edge,,2,container-0647.csv container-0650.csv,
ヘビーウェイト,Heavyweight,,2,container-0647.csv container-0650.csv,
ダブルスイング,Double Swing,,2,container-0647.csv container-0650.csv,
アブソリュートグランス,Absolute Strike,,2,container-0647.csv container-0650.csv,
グランドエッジ,Ground Edge,,2,container-0647.csv container-0650.csv,
フルスイング,Full Swing,,2,container-0647.csv container-0650.csv,
スピンエッジ,Spin Edge,,2,container-0647.csv container-0650.csv,
ツイスタースイング,Twister Swing,,2,container-0647.csv container-0650.csv,
ハイエンドスパイク,High Spike,,2,container-0647.csv container-0650.csv,
ハリケーンボルト,Hurricane Bolt,,2,container-0647.csv container-0650.csv,
イグジスタンストライアル,Trial of Existence,,2,container-0647.csv container-0650.csv,
スプリットダウン,Downward Split,,2,container-0647.csv container-0650.csv,
クライムアトラクター,Entrapment,,2,container-0647.csv container-0650.csv,
アドヴァンスフューリアス,Furious Advance,,2,container-0647.csv container-0650.csv,
ハリケーンレイド,Hurricane Raid,,2,container-0647.csv container-0650.csv,
アーマーブレイク,Armor Break,,2,container-0647.csv container-0650.csv,
フォースアトラクター,Endangerment,,2,container-0647.csv container-0650.csv,
オーバーアーク,Over Arc,,2,container-0647.csv container-0650.csv,
ボルトスラッシュ,Bolt Slash,,2,container-0647.csv container-0650.csv,
バーティカルレイド,Vertical Raid,,2,container-0647.csv container-0650.csv,
グロウイングピアス,Glowing Pierce,,2,container-0647.csv container-0650.csv,
グリムフォース,Grim Force,,2,container-0647.csv container-0650.csv,
サクセッシヨンスライド,Succession Slide,,2,container-0647.csv container-0650.csv,
ハイウインドラプター,Ptero Attack,,2,container-0647.csv container-0650.csv,
マルチプルアタック,Multiple Attack,,2,container-0647.csv container-0650.csv,
モーメントスライド,Moment Slide,,2,container-0647.csv container-0650.csv,
フェザーセイル,Feather Sail,,2,container-0647.csv container-0650.csv,
ルージュストライク,Crimson Strike,,2,container-0647.csv container-0650.csv,
サイドフラップ,Flank Attack,,2,container-0647.csv container-0650.csv,
メビウスライド,Mobius Slide,,2,container-0647.csv container-0650.csv,
スラップビート,Smackdown,,2,container-0647.csv container-0650.csv,
ミスティックチェイン,Mystic Chain,,2,container-0647.csv container-0650.csv,
ヘブンリィパニッシュメント,Heavenly Punishment,,2,container-0647.csv container-0650.csv,
クライシスポイント,Crisis Point,,2,container-0647.csv container-0650.csv,
バーストシヨット,Burst Shot,,2,container-0647.csv container-0650.csv,
ビクトリーソード,Victory Sword,,2,container-0647.csv container-0650.csv,
サンダーストライク,Thunder Strike,,2,container-0647.csv container-0650.csv,
ホーリースマイト,Holy Smite,,2,container-0647.csv container-0650.csv,
レイアップソード,Ascending Sword,,2,container-0647.csv container-0650.csv,
エナジースティール,Energy Steal,,2,container-0647.csv container-0650.csv,
シャドウスナップ,Shadow Snap,,2,container-0647.csv container-0650.csv,
マジックロック,Magic Lock,,2,container-0647.csv container-0650.csv,
レゾネイトペイン,Resonating Pain,,2,container-0647.csv container-0650.csv,
ストラクチャーシュート,Structural Shot,,2,container-0647.csv container-0650.csv,
スウィープダイブ,Sweep Dive,,2,container-0647.csv container-0650.csv,
アイアンバッシュ,Iron Bash,,2,container-0647.csv container-0650.csv,
オーバーレフト,Overhand Left,,2,container-0647.csv container-0650.csv,
カーレントスパイン,Spinal Current,,2,container-0647.csv container-0650.csv,
ブラッディカスケード,Bloody Cascade,,2,container-0647.csv container-0650.csv,
アームドブレイク,Arm Breaker,,2,container-0647.csv container-0650.csv,
リムーブハード,Disassemble,,2,container-0647.csv container-0650.csv,
ロウアースプリット,Lower Split,,2,container-0647.csv container-0650.csv,
フォービッドノイズ,Forbid Sound,,2,container-0647.csv container-0650.csv,
クイックスタッブ,Quick Stab,,2,container-0647.csv container-0650.csv,
ドレイディッドラディアス,Dreaded Radius,,2,container-0647.csv container-0650.csv,
バスタースイング,Smashing Swing,,2,container-0647.csv container-0650.csv,
ポイズンシュート,Poison Shot,,2,container-0647.csv container-0650.csv,
シングルシヨット,Single Shot,,2,container-0647.csv container-0650.csv,
フレアシュート,Flare Blast,,2,container-0647.csv container-0650.csv,
"天に駆け上がる誘導弾を放つ。
決め技ゲージ増加量：×Hit","A guided bolt flies to the very heavens.
Increase to Special Attack gauge: 7 <0065> 2 Hits",,2,container-0647.csv container-0650.csv,
"前方への5連射。
決め技ゲージ増加量：×Hit","Five rapid strikes to the front.
Increase to Special Attack gauge: 4 <0065> 5 Hits",,2,container-0647.csv container-0650.csv,
"頭上から振り下ろす一撃。
決め技ゲージ増加量：×Hit","A downward blow that strikes the top of the foe's head.
Increase to Special Attack gauge: 10 <0065> 1 Hit",,2,container-0647.csv container-0650.csv,
"懐に入り込んでの一撃。
決め技ゲージ増加量：×Hit","A solid blow from close-up.
Increase to Special Attack gauge: 10 <0065> 1 Hit",,2,container-0647.csv container-0650.csv,
"天高く伸び上がるアッパー。
決め技ゲージ増加量：×Hit","An upper cut that strikes into the heavens.
Increase to Special Attack gauge: 4 <0065> 3 Hits",,2,container-0647.csv container-0650.csv,
"左右からの連撃。
決め技ゲージ増加量：×Hit","Three blows slashing side-to-side.
Increase to Special Attack gauge: 4 <0065> 3 Hits",,2,container-0647.csv container-0650.csv,
"上空から叩き伏せる強力な一撃。
決め技ゲージ増加量：×Hit","A powerful knockdown blow delivered from above.
Increase to Special Attack gauge: 11 <0065> 1 Hit",,2,container-0647.csv container-0650.csv,
"魔力の奔流による攻撃。
決め技ゲージ増加量：×Hit","A torrent of magic energy.
Increase to Special Attack gauge: 4 <0065> 3 Hits",,2,container-0647.csv container-0650.csv,
"圧縮した魔力を叩き付け、地面を崩壊させる。
決め技ゲージ増加量：×Hit","Concentrated magic energy fissures the land.
Increase to Special Attack gauge: 4 <0065> 3 Hits",,2,container-0647.csv container-0650.csv,
"魔力をまとった拳で敵を天空高く打ち上げる。
決め技ゲージ増加量：×Hit","A fist wrapped in magic energy strikes a heavenly blow.
Increase to Special Attack gauge: 2 <0065> 8 Hits",,2,container-0647.csv container-0650.csv,
"空中に跳び上がり両腕を叩き付ける攻撃。
決め技ゲージ増加量：×Hit","A leap into the air and an attack that strikes both
arms. Increase to Special Attack gauge: 6 <0065> 2 Hits",,2,container-0647.csv container-0650.csv,
"魔力の塊を投げつける。
決め技ゲージ増加量：×Hit","Hurls forth a mass of magic energy.
Increase to Special Attack gauge: 4 <0065> 3 Hits",,2,container-0647.csv container-0650.csv,
"隙の無い方向への攻撃。
決め技ゲージ増加量：×Hit","Attacks in three directions, covering every angle.
Increase to Special Attack gauge: 5 <0065> 3 Hits",,2,container-0647.csv container-0650.csv,
"雷の力を乗せた矢を放つ。
決め技ゲージ増加量：×Hit","Hurls an arrow infused with the power of lightning.
Increase to Special Attack gauge: 6 <0065> 2 Hits",,2,container-0647.csv container-0650.csv,
"収束させた力を解放する。
決め技ゲージ増加量：×Hit","Unleashes focused energy.
Increase to Special Attack gauge: 5 <0065> 4 Hits",,2,container-0647.csv container-0650.csv,
"残された衝撃波が敵を襲う。
決め技ゲージ増加量：×Hit数","A residual shockwave is hurled at the enemy.
Increase to Special Attack gauge: 7 <0065> Number of Hits",,2,container-0647.csv container-0650.csv,
"上空から落下する連撃。
決め技ゲージ増加量：×Hit","Three rapid blows are delivered downward from the sky.
Increase to Special Attack gauge: 5 <0065> 3 Hits",,2,container-0647.csv container-0650.csv,
"魂すらも凍りつかせる氷の槍を放つ。
決め技ゲージ増加量：×Hit数","Launches an icy javelin that freezes to the soul.
Increase to Special Attack gauge: 3 <0065> Number of Hits",,2,container-0647.csv container-0650.csv,
"雷の力を乗せた連射。
決め技ゲージ増加量：×Hit","Three rapid blasts infused with the power of lightning.
Increase to Special Attack gauge: 6 <0065> 3 Hits",,2,container-0647.csv container-0650.csv,
"上段から大きく振り下ろす一撃。
決め技ゲージ増加量：×Hit","A mighty downward blow from high.
Increase to Special Attack gauge: 10 <0065> 1 Hit",,2,container-0647.csv container-0650.csv,
"剣を水平に振るなぎ払い。”攻撃ボタン長押しで吹き飛ばし可能”
決め技ゲージ増加量：×Hit","Horizontal sword slice. Hold button to launch enemy. 
Increase to Special Attack gauge: 9 <0065> 1 Hit",,2,container-0647.csv container-0650.csv,
"ガントレットによる裏拳。”攻撃ボタン長押しで吹き飛ばし可能”
決め技ゲージ増加量：×Hit","Backhand with gauntlet. Hold button to launch enemy.
Increase to Special Attack gauge: 12 <0065> 1 Hit",,2,container-0647.csv container-0650.csv,
"近くの足元への攻撃。
決め技ゲージ増加量：×Hit","Leg strike against nearby enemy.
Increase to Special Attack gauge: 8 <0065> 1 Hit",,2,container-0647.csv container-0650.csv,
"嵐のような連続攻撃。
決め技ゲージ増加量：×Hit","Rapid series of attacks like a storm.
Increase to Special Attack gauge: 6 <0065> 2 Hits",,2,container-0647.csv container-0650.csv,
"全力を込めた一撃。”攻撃ボタン長押しで吹き飛ばし可能”
決め技ゲージ増加量：×Hit","Full force attack. Hold button to launch enemy.
Increase to Special Attack gauge: 13 <0065> 1 Hit",,2,container-0647.csv container-0650.csv,
"力任せの乱暴な攻撃。
決め技ゲージ増加量：×Hit","A wild attack that relies on brute strength.
Increase to Special Attack gauge: 11 <0065> 1 Hit",,2,container-0647.csv container-0650.csv,
"倒れた敵への追い討ち。
決め技ゲージ増加量：×Hit","Follow-up blow against knocked-down foe.
Increase to Special Attack gauge: 10 <0065> 1 Hit",,2,container-0647.csv container-0650.csv,
"疾風のような連続攻撃。
決め技ゲージ増加量：×Hit","Rapid series of attacks like a hurricane.
Increase to Special Attack gauge: 5 <0065> 2 Hits",,2,container-0647.csv container-0650.csv,
"勢いを乗せた重い一撃。”攻撃ボタン長押しで吹き飛ばし可能”
決め技ゲージ増加量：×Hit","Powerful, heavy blow. Hold button to launch enemy.
Increase to Special Attack gauge: 11 <0065> 1 Hit",,2,container-0647.csv container-0650.csv,
"左右への連撃。
決め技ゲージ増加量：×Hit","Two strikes to the right and left.
Increase to Special Attack gauge: 6 <0065> 2 Hits",,2,container-0647.csv container-0650.csv,
"渾身の力で振り下ろす一撃。
決め技ゲージ増加量：×Hit","Downward strike with nothing held back.
Increase to Special Attack gauge: 14 <0065> 1 Hit",,2,container-0647.csv container-0650.csv,
"足元を切り払う攻撃。
決め技ゲージ増加量：×Hit","A sweeping strike at the legs.
Increase to Special Attack gauge: 10 <0065> 1 Hit",,2,container-0647.csv container-0650.csv,
"巨体を活かした体当たり。
決め技ゲージ増加量：×Hit","Uses giant body to smash the enemy.
Increase to Special Attack gauge: 4 <0065> 8 Hits",,2,container-0647.csv container-0650.csv,
"横から敵を殴り払う一撃。”攻撃ボタン長押しで吹き飛ばし可能”
決め技ゲージ増加量：×Hit","Attack from foe's side. Hold button to launch enemy.
Increase to Special Attack gauge: 15 <0065> 1 Hit",,2,container-0647.csv container-0650.csv,
"遠心力を活かした回転切り。
決め技ゲージ増加量：×Hit","Slicing, spinning attack that uses centrifugal force.
Increase to Special Attack gauge: 10 <0065> 1 Hit",,2,container-0647.csv container-0650.csv,
"敵を跳ね上げてからの横切り。
決め技ゲージ増加量：×Hit","Flips enemy and follows with a horizontal cut.
Increase to Special Attack gauge: 5 <0065> 2 Hits",,2,container-0647.csv container-0650.csv,
"敵を踏み砕く強引な踏み付け。
決め技ゲージ増加量：×Hit","An awesome stomping attack that crushes the foe.
Increase to Special Attack gauge: 10 <0065> 1 Hit",,2,container-0647.csv container-0650.csv,
"体勢を崩し上から切り伏せる。
決め技ゲージ増加量：×Hit","Knocks the foe off-balance and strikes downward.
Increase to Special Attack gauge: 2 <0065> 4 Hits",,2,container-0647.csv container-0650.csv,
"横からの切り払い。”攻撃ボタン長押しで吹き飛ばし可能”
決め技ゲージ増加量：×Hit","Strike from the side. Hold button to launch enemy.
Increase to Special Attack gauge: 9 <0065> 1 Hit",,2,container-0647.csv container-0650.csv,
"懐から天高く振り上げる。
決め技ゲージ増加量：×Hit","Lifts the foe high into the air by the chest.
Increase to Special Attack gauge: 10 <0065> 1 Hit",,2,container-0647.csv container-0650.csv,
"素早い連突き。
決め技ゲージ増加量：×Hit","Three lightning-quick thrusts.
Increase to Special Attack gauge: 3 <0065> 3 Hits",,2,container-0647.csv container-0650.csv,
"敵を両断せんばかりの一撃。
決め技ゲージ増加量：×Hit","Single blow that looks to split the foe asunder. 
Increase to Special Attack gauge: 3 <0065> 4 Hits",,2,container-0647.csv container-0650.csv,
"敵を引っ掛けて引き寄せる攻撃。
決め技ゲージ増加量：×Hit","An attack that hooks and drags the foe.
Increase to Special Attack gauge: 4 <0065> 2 Hits",,2,container-0647.csv container-0650.csv,
"一撃に全てを賭けた究極技。
決め技ゲージ増加量：×Hit","An extreme attack with nothing held back.
Increase to Special Attack gauge: 18 <0065> 1 Hit",,2,container-0647.csv container-0650.csv,
"敵を巻き込み突き上げる段攻撃。
決め技ゲージ増加量：×Hit","A two-stage attack that engulfs and then lifts the enemy.
Increase to Special Attack gauge: 6 <0065> 2 Hits",,2,container-0647.csv container-0650.csv,
"敵の装甲を破壊する一撃。
決め技ゲージ増加量：×Hit","A single blow that smashes the foe's armor.
Increase to Special Attack gauge: 10 <0065> 1 Hit",,2,container-0647.csv container-0650.csv,
"敵を捕らえて引き寄せる攻撃。
決め技ゲージ増加量：×Hit","Ensnares the foe and drags it closer.
Increase to Special Attack gauge: 7 <0065> 1 Hit",,2,container-0647.csv container-0650.csv,
"下からの攻撃。
決め技ゲージ増加量：×Hit","An attack from below.
Increase to Special Attack gauge: 10 <0065> 1 Hit",,2,container-0647.csv container-0650.csv,
"上段からの切り下ろし。
決め技ゲージ増加量：×Hit","A downward cutting attack from high.
Increase to Special Attack gauge: 10 <0065> 1 Hit",,2,container-0647.csv container-0650.csv,
"下段から段で切り上げる。
決め技ゲージ増加量：×Hit","A slashing blow that cuts from low to high.
Increase to Special Attack gauge: 6 <0065> 2 Hits",,2,container-0647.csv container-0650.csv,
"正面目掛けての鋭い突き。
決め技ゲージ増加量：×Hit","A sharp thrust aimed at the foe's front.
Increase to Special Attack gauge: 5 <0065> 3 Hits",,2,container-0647.csv container-0650.csv,
"水平に敵を両断する一撃。”攻撃ボタン長押しで吹き飛ばし可能”
決め技ゲージ増加量：×Hit","Cuts clear across foe. Hold button to launch enemy. 
Increase to Special Attack gauge: 9 <0065> 1 Hit",,2,container-0647.csv container-0650.csv,
"足元への連続攻撃。
決め技ゲージ増加量：×Hit","Repeated attacks to the legs.
Increase to Special Attack gauge: 4 <0065> 4 Hits",,2,container-0647.csv container-0650.csv,
"体重を乗せた上空からの攻撃。
決め技ゲージ増加量：×Hit","Leaping attack crushes with entire body weight.
Increase to Special Attack gauge: 13 <0065> 1 Hit",,2,container-0647.csv container-0650.csv,
"敵に突き刺した剣を引き抜く攻撃。
決め技ゲージ増加量：×Hit","Thrusts and withdraws the sword blade into the enemy.
Increase to Special Attack gauge: 3 <0065> 4 Hits",,2,container-0647.csv container-0650.csv,
"魂と肉体を切り離す一撃。
決め技ゲージ増加量：×Hit","A blow that severs the soul from its flesh.
Increase to Special Attack gauge: 9 <0065> 1 Hit",,2,container-0647.csv container-0650.csv,
"足元へのスライディング。
決め技ゲージ増加量：×Hit","A sliding attack at the legs.
Increase to Special Attack gauge: 12 <0065> 1 Hit",,2,container-0647.csv container-0650.csv,
"下から上への回転蹴り。
決め技ゲージ増加量：×Hit","A spinning kick that rises from low to high.
Increase to Special Attack gauge: 12 <0065> 1 Hit",,2,container-0647.csv container-0650.csv,
"首筋を狙った切り下ろし。
決め技ゲージ増加量：×Hit","A decapitating blow aimed at the neck.
Increase to Special Attack gauge: 9 <0065> 1 Hit",,2,container-0647.csv container-0650.csv,
"下段からの跳ね上げ。
決め技ゲージ増加量：×Hit","A lifting attack from below.
Increase to Special Attack gauge: 8 <0065> 1 Hit",,2,container-0647.csv container-0650.csv,
"捻りを加えた強烈な突き。
決め技ゲージ増加量：×Hit","A shattering thrust with a follow-up twist.
Increase to Special Attack gauge: 4 <0065> 3 Hits",,2,container-0647.csv container-0650.csv,
"真空波による足元への斬撃。
決め技ゲージ増加量：×Hit","A vacuum-wave cutting attack at the feet.
Increase to Special Attack gauge: 4 <0065> 3 Hits",,2,container-0647.csv container-0650.csv,
"上空に飛び上がっての一撃。
決め技ゲージ増加量：×Hit","A leaping blow from the air.
Increase to Special Attack gauge: 3 <0065> 3 Hits",,2,container-0647.csv container-0650.csv,
"首筋を狙った切り下ろし。
決め技ゲージ増加量：×Hit","A decapitating blow aimed at the neck.
Increase to Special Attack gauge: 10 <0065> 1 Hit",,2,container-0647.csv container-0650.csv,
"下段からの跳ね上げ。
決め技ゲージ増加量：×Hit","A lifting attack from below.
Increase to Special Attack gauge: 9 <0065> 1 Hit",,2,container-0647.csv container-0650.csv,
"捻りを加えた強烈な突き。
決め技ゲージ増加量：×Hit","A shattering thrust with a follow-up twist.
Increase to Special Attack gauge: 5 <0065> 3 Hits",,2,container-0647.csv container-0650.csv,
"真空波による足元への斬撃。
決め技ゲージ増加量：×Hit","A vacuum-wave cutting attack at the feet.
Increase to Special Attack gauge: 5 <0065> 3 Hits",,2,container-0647.csv container-0650.csv,
"上空に飛び上がっての一撃。
決め技ゲージ増加量：×Hit","A leaping blow from the air.
Increase to Special Attack gauge: 4 <0065> 3 Hits",,2,container-0647.csv container-0650.csv,
"右腕から裁きの炎を解き放つ攻撃。
決め技ゲージ増加量：×Hit","Attack launches flames of judgment from right arm.
Increase to Special Attack gauge: 3 <0065> 3 Hits",,2,container-0647.csv container-0650.csv,
"敵の背後に回り込んでの回し蹴り。
決め技ゲージ増加量：×Hit","Circles round the enemy to deliver a roundhouse kick.
Increase to Special Attack gauge: 12 <0065> 1 Hit",,2,container-0647.csv container-0650.csv,
"敵の背後に回り込んでの強力な一撃。
決め技ゲージ増加量：×Hit","Circles round the enemy to deliver a powerful blow.
Increase to Special Attack gauge: 13 <0065> 1 Hit",,2,container-0647.csv container-0650.csv,
"正面からの連続攻撃。
決め技ゲージ増加量：×Hit","A combination attack from the front.
Increase to Special Attack gauge: 2 <0065> 5 Hits",,2,container-0647.csv container-0650.csv,
"あんまり深く語りたくない連続攻撃。
決め技ゲージ増加量：×Hit","A flurry attack of which mortals dare not speak.
Increase to Special Attack gauge: 3 <0065> 5 Hits",,2,container-0647.csv container-0650.csv,
"あんまり深く語りたくないスーパーな連続攻撃。
決め技ゲージ増加量：×Hit","Awesome flurry attack of which mortals dare not speak.
Increase to Special Attack gauge: 10 <0065> 14 Hits",,2,container-0647.csv container-0650.csv,
"敵の頭上に転移しての奇襲攻撃。
決め技ゲージ増加量：×Hit","Appears above the foe's head for a surprise attack.
Increase to Special Attack gauge: 2 <0065> 5 Hits",,2,container-0647.csv container-0650.csv,
"地面に当たると爆発する魔力の弾を撃ち出す。
決め技ゲージ増加量：×Hit","Fires a magic bolt that explodes upon landing. 
Increase to Special Attack gauge: 3 <0065> 4 Hits",,2,container-0647.csv container-0650.csv,
"敵の周囲に無数の刃を生み出しての攻撃。
決め技ゲージ増加量：×Hit","Summons a multitude of blades around the foe.
Increase to Special Attack gauge: 2 <0065> 6 Hits",,2,container-0647.csv container-0650.csv,
"右腕から聖なる雷を解き放つ攻撃。
決め技ゲージ増加量：×Hit","Attack launches holy lightning from the right arm.
Increase to Special Attack gauge: 3 <0065> 3 Hits",,2,container-0647.csv container-0650.csv,
"体勢を崩し上から切り伏せる。
決め技ゲージ増加量：×Hit","Knocks the foe off-balance, then cuts it down.
Increase to Special Attack gauge: 2 <0065> 4 Hits",,2,container-0647.csv container-0650.csv,
"聖なる力を込めた一撃。
決め技ゲージ増加量：×Hit","A blow infused with holy power.
Increase to Special Attack gauge: 5 <0065> 2 Hits",,2,container-0647.csv container-0650.csv,
"体勢を崩し下から切り上げる。
決め技ゲージ増加量：×Hit","Knocks the foe off-balance and strikes upwards.
Increase to Special Attack gauge: 2 <0065> 4 Hits",,2,container-0647.csv container-0650.csv,
"相手の活力を奪う一撃。
決め技ゲージ増加量：×Hit","A single blow that robs the foe of its will to fight.
Increase to Special Attack gauge: 6 <0065> 2 Hits",,2,container-0647.csv container-0650.csv,
"影を射抜き行動を束縛する。
決め技ゲージ増加量：×Hit","Restrains the foe by nailing down its shadow.
Increase to Special Attack gauge: 5 <0065> 2 Hits",,2,container-0647.csv container-0650.csv,
"魔力の流れを遮断する攻撃。
決め技ゲージ増加量：×Hit","A blow that blocks the flow of magic energy.
Increase to Special Attack gauge: 5 <0065> 2 Hits",,2,container-0647.csv container-0650.csv,
"勢いを付けた強力な突き。
決め技ゲージ増加量：×Hit","A powerful thrust with nothing held back.
Increase to Special Attack gauge: 2 <0065> 4 Hits",,2,container-0647.csv container-0650.csv,
"左右から切り伏せる連続攻撃。
決め技ゲージ増加量：×Hit","A downward blow from high.
Increase to Special Attack gauge: 4 <0065> 2 Hits",,2,container-0647.csv container-0650.csv,
"横からの一撃。”攻撃ボタン長押しで吹き飛ばし可能”
決め技ゲージ増加量：×Hit","A blow from the side. Hold button to launch enemy.
Increase to Special Attack gauge: 12 <0065> 1 Hit",,2,container-0647.csv container-0650.csv,
"上空に打ち上げる攻撃。
決め技ゲージ増加量：×Hit","A blow that lifts the foe into the air.
Increase to Special Attack gauge: 11 <0065> 1 Hit",,2,container-0647.csv container-0650.csv,
"上空からの急襲。
決め技ゲージ増加量：×Hit","A sudden assault from the air.
Increase to Special Attack gauge: 15 <0065> 1 Hit",,2,container-0647.csv container-0650.csv,
"剣の腹で敵を吹き飛ばす。”攻撃ボタン長押しで吹き飛ばし可能”
決め技ゲージ増加量：×Hit","Uses flat of the blade. Hold button to launch enemy. 
Increase to Special Attack gauge: 12 <0065> 1 Hit",,2,container-0647.csv container-0650.csv,
"上からの殴りつけ。”攻撃ボタン長押しで吹き飛ばし可能”
決め技ゲージ増加量：×Hit","A smash from above. Hold button to launch enemy.
Increase to Special Attack gauge: 14 <0065> 1 Hit",,2,container-0647.csv container-0650.csv,
"敵の体を貫く重い突き。
決め技ゲージ増加量：×Hit","A heavy thrust that runs through the enemy.
Increase to Special Attack gauge: 3 <0065> 3 Hits",,2,container-0647.csv container-0650.csv,
"流れるような連続切り。
決め技ゲージ増加量：×Hit","A cascading volley of cuts.
Increase to Special Attack gauge: 4 <0065> 2 Hits",,2,container-0647.csv container-0650.csv,
"横殴りの攻撃。”攻撃ボタン長押しで吹き飛ばし可能”
決め技ゲージ増加量：×Hit","A horizontal attack. Hold button to launch enemy.
Increase to Special Attack gauge: 7 <0065> 2 Hits",,2,container-0647.csv container-0650.csv,
"腱を狙った横殴りの攻撃。
決め技ゲージ増加量：×Hit","Horizontal attack aimed at the tendons.
Increase to Special Attack gauge: 9 <0065> 1 Hit",,2,container-0647.csv container-0650.csv,
"敵の装甲を剥ぎとる攻撃。
決め技ゲージ増加量：×Hit","An attack that cuts away the foe's armor.
Increase to Special Attack gauge: 9 <0065> 1 Hit",,2,container-0647.csv container-0650.csv,
"両断するかのような攻撃。
決め技ゲージ増加量：×Hit","A strike seemingly powerful enough to bisect the foe.
Increase to Special Attack gauge: 5 <0065> 2 Hits",,2,container-0647.csv container-0650.csv,
"呪文を禁じる攻撃。
決め技ゲージ増加量：×Hit","An attack that prohibits incantations.
Increase to Special Attack gauge: 9 <0065> 1 Hit",,2,container-0647.csv container-0650.csv,
"素早い一撃。”攻撃ボタン長押しで吹き飛ばし可能”
決め技ゲージ増加量：×Hit","Lightning-quick attack. Hold button to launch enemy.
Increase to Special Attack gauge: 8 <0065> 1 Hit",,2,container-0647.csv container-0650.csv,
"横振りの強烈な一撃。”攻撃ボタン長押しで吹き飛ばし可能”
決め技ゲージ増加量：×Hit","Mighty horizontal blow. Hold button to launch enemy.
Increase to Special Attack gauge: 16 <0065> 1 Hit",,2,container-0647.csv container-0650.csv,
"力任せの大振り。
決め技ゲージ増加量：×Hit","A huge swing relying on brute force.
Increase to Special Attack gauge: 14 <0065> 1 Hit",,2,container-0647.csv container-0650.csv,
"猛毒をまとった一撃。
決め技ゲージ増加量：×Hit","A blow that delivers poison to the foe.
Increase to Special Attack gauge: 9 <0065> 1 Hit",,2,container-0647.csv container-0650.csv,
"天に駆け上がる誘導弾を放つ。
決め技ゲージ増加量：×Hit","A guided bolt flies to the heavens themselves.
Increase to Special Attack gauge: 7 <0065> 2 Hits",,2,container-0647.csv container-0650.csv,
"衝撃波を伴った強力な一撃。
決め技ゲージ増加量：×Hit","A mighty blow that sends out a shockwave.
Increase to Special Attack gauge: 18 <0065> 1 Hit",,2,container-0647.csv container-0650.csv,
"隙の無い方向への攻撃。
決め技ゲージ増加量：×Hit","Attacks in three directions, covering every inch.
Increase to Special Attack gauge: 5 <0065> 3 Hits",,2,container-0647.csv container-0650.csv,
"狙い済ました一撃。
決め技ゲージ増加量：×Hit","A supremely accurate attack.
Increase to Special Attack gauge: 7 <0065> 1 Hit",,2,container-0647.csv container-0650.csv,
"炎をまとった一撃。
決め技ゲージ増加量：×Hit","A single shot engulfed in flames.
Increase to Special Attack gauge: 10 <0065> 1 Hit",,2,container-0647.csv container-0650.csv,
バーンストーム,Fire Storm,,2,container-0647.csv container-0650.csv,
クールダンセル,Frigid Damsel,,2,container-0647.csv container-0650.csv,
ライトニングボルト,Lightning Bolt,,2,container-0647.csv container-0650.csv,
ポイズンブロウ,Poison Blow,,2,container-0647.csv container-0650.csv,
プリズミックミサイル,Prismatic Missile,,2,container-0647.csv container-0650.csv,
ダークセイヴァー,Dark Savior,,2,container-0647.csv container-0650.csv,
アストラルメイズ,Astral Maze,,2,container-0647.csv container-0650.csv,
スピリチュアルソーン,Spiritual Thorn,,2,container-0647.csv container-0650.csv,
キュアプラムス,Heal,,2,container-0647.csv container-0650.csv,
オーディナリーシェイプ,Normalize,,2,container-0647.csv container-0650.csv,
エヴォークフェザー,Invoke Feather,,2,container-0647.csv container-0650.csv,
レデュースパワー,Sap Power,,2,container-0647.csv container-0650.csv,
レデュースガード,Sap Guard,,2,container-0647.csv container-0650.csv,
カオティックルーン,Chaotic Rune,,2,container-0647.csv container-0650.csv,
マイトレインフォース,Might Reinforce,,2,container-0647.csv container-0650.csv,
ガードレインフォース,Guard Reinforce,,2,container-0647.csv container-0650.csv,
スペルレインフォース,Spell Reinforce,,2,container-0647.csv container-0650.csv,
リフレクトソーサリー,Reflect Sorcery,,2,container-0647.csv container-0650.csv,
プリベントソーサリー,Dampen Magic,,2,container-0647.csv container-0650.csv,
,Trap Magic,,2,container-0647.csv container-0650.csv,
エクスプロージヨン,Explosion,,2,container-0647.csv container-0650.csv,
グラシアルブリザード,Glacial Blizzard,,2,container-0647.csv container-0650.csv,
アースグレイブ,Earth Grave,,2,container-0647.csv container-0650.csv,
サンダーストーム,Thunder Storm,,2,container-0647.csv container-0650.csv,
"爆炎を伴う上昇気流の中に敵単体を巻き込む
炎属性の魔法。","A fire-element spell that engulfs a single foe in a spinning
whirlwind of ascending flames.",,2,container-0647.csv container-0650.csv,
"氷精を召喚し、その氷の刃で敵単体を連続攻撃させる
氷属性の魔法。一定確率で敵を状態異常（凍結）にする。","An ice-element spell that summons ice spirits to attack a
single enemy. May Freeze the target.",,2,container-0647.csv container-0650.csv,
"敵に対して電光を一直線上に放射する雷属性の魔法。
一定確率で敵を状態異常（麻痺）にする。","A lightning-element spell that launches a single thunderbolt
at a foe. May Paralyze the target.",,2,container-0647.csv container-0650.csv,
"敵単体の周囲に毒霧を発生させる土属性の魔法。
一定確率で敵を状態異常（毒）にする。","An earth-element spell that envelops a foe in toxic fog.
May Poison the target.",,2,container-0647.csv container-0650.csv,
"光の矢を誘導し、複数の敵を撃破する魔法。
一定確率で様々な状態異常を引き起こす。","A spell that launches arrows of light at multiple enemies.
May inflict various status ailments.",,2,container-0647.csv container-0650.csv,
"敵の周囲に巨大な剣を出現させて突き刺す
闇属性の魔法。","A darkness-element area spell that materializes a giant sword
to strike a group of foes.",,2,container-0647.csv container-0650.csv,
"目標を中心とした一定範囲内の敵を状態異常（転送）にし、
戦場から消去する魔法。","Transfers the souls of enemies near the targeted area and
banishes them from the battlefield.",,2,container-0647.csv container-0650.csv,
敵単体を（戦闘不能）にする魔法。,A spell that renders one foe Unconscious.,,2,container-0647.csv container-0650.csv,
"味方一人のHPを回復させる魔法。
HP最大値のを回復する。","A spell that restores HP to one ally. Restores 80% of target's
max HP.",,2,container-0647.csv container-0650.csv,
"味方一人の状態異常を治療する魔法。
（毒、混乱、沈黙、凍結、麻痺、石化、気絶）を回復する。","A spell that cures one ally of Poison, Confusion, Silence, Freeze,
Paralysis, Stone or Faint.",,2,container-0647.csv container-0650.csv,
味方一人を（戦闘不能）から復活させる魔法。,A spell that restores one Unconscious ally to life.,,2,container-0647.csv container-0650.csv,
目標を中心とした一定範囲内の敵のATKを減少させる魔法。,"A spell that reduces the ATK of foes within a certain range of
the spell target.",,2,container-0647.csv container-0650.csv,
目標を中心とした一定範囲内の敵のRDMを減少させる魔法。,"A spell that reduces the RDM of foes within a certain range of
the spell target.",,2,container-0647.csv container-0650.csv,
"自分を中心とした範囲内の敵の
ATK・MAG・HIT・AVD・RDM・RSTを減少させる魔法。","Reduces the ATK, MAG, HIT, AVD, RDM, and RST of foes within 
a certain range of the spell caster by 20%.",,2,container-0647.csv container-0650.csv,
"味方一人のATKを.倍に増強する魔法。
重ねがけはできない。","A spell that augments one ally's ATK to 150%.
Effect is not cumulative.",,2,container-0647.csv container-0650.csv,
"味方一人のRDM・RSTを.倍に増強する魔法。
重ねがけはできない。","A spell that augments the RDM and RST of one ally to 150%.
Effect is not cumulative.",,2,container-0647.csv container-0650.csv,
"味方一人のMAGを.倍に増強する魔法。
重ねがけはできない。","A spell that augments the MAG of one ally to 150%.
Effect is not cumulative.",,2,container-0647.csv container-0650.csv,
"魔法効果を術者に反射する防御結界を生み出す魔法。
一度反射する事で結界は失われる。","Conjures a barrier that reflects magic back at the original caster.
The barrier works only once.",,2,container-0647.csv container-0650.csv,
"敵単体の詠唱を封じる魔法。
一定確率で状態異常（沈黙）にする。","Seals one foe's magic chants within a veil of silence.
May inflict Silence upon the target.",,2,container-0647.csv container-0650.csv,
"目標を中心とした一定範囲内に
巨大な爆炎を巻き起こす炎属性の範囲魔法。","A fire-element area spell that conjures a massive fireball in 
the targeted area.",,2,container-0647.csv container-0650.csv,
"天から降り注ぐ鋭利な氷柱が、目標を中心とした
一定範囲内の敵を切り裂く氷属性の範囲魔法。","An ice-element area spell that brings down a hail of dagger-sharp
icicles onto the targeted area.",,2,container-0647.csv container-0650.csv,
"大地から出現した岩が巨大な槍と化し、目標を中心とした
一定範囲内の敵を貫く土属性の範囲魔法。","An earth-element area spell that causes massive spears of rock
to erupt around the targeted area.",,2,container-0647.csv container-0650.csv,
"帯電した風で目標を中心とした一定範囲内を包み込み
雷撃の渦に巻き込む雷属性の範囲魔法。","A lightning-element area spell that engulfs the targeted area in a
maelstrom of lightning.",,2,container-0647.csv container-0650.csv,
,Cost,,2,container-0648.csv container-0866.csv,
原産地,Origin,,2,container-0648.csv container-0866.csv,
戻る,<8099>R<8099>ABack,,2,container-0648.csv container-0866.csv,
金の加護,Gold Blessing,,2,container-0648.csv container-0866.csv,
宝の加護,Treasure Blessing,,2,container-0648.csv container-0866.csv,
〓石の加護,Gem Blessing,,2,container-0648.csv container-0866.csv,
経験を〓る〓の理,Experience Pig Law,,2,container-0648.csv container-0866.csv,
金を食らう虫の理,Gold Grubber Law,,2,container-0648.csv container-0866.csv,
経験を供す友の理,Experience Friend Law,,2,container-0648.csv container-0866.csv,
光跳の加護,Dancing Light Blessing,,2,container-0648.csv container-0866.csv,
光呪の加護,Magical Light Blessing,,2,container-0648.csv container-0866.csv,
光散の加護,Burst Light Blessing,,2,container-0648.csv container-0866.csv,
早〓の加護,Alarm Blessing,,2,container-0648.csv container-0866.csv,
重き黒〓の戒,Black Anchor Wrath,,2,container-0648.csv container-0866.csv,
軽き〓〓の戒,Cotton Dust Wrath,,2,container-0648.csv container-0866.csv,
無力な〓〓子の戒,Powerless Cap Wrath,,2,container-0648.csv container-0866.csv,
炎の加護,Fire Blessing,,2,container-0648.csv container-0866.csv,
氷の加護,Ice Blessing,,2,container-0648.csv container-0866.csv,
土の加護,Earth Blessing,,2,container-0648.csv container-0866.csv,
雷の加護,Lightning Blessing,,2,container-0648.csv container-0866.csv,
業炎の理,Brimstone Law,,2,container-0648.csv container-0866.csv,
氷塊の理,Iceberg Law,,2,container-0648.csv container-0866.csv,
〓土の理,Mudbank Law,,2,container-0648.csv container-0866.csv,
雷〓の理,Thundercloud Law,,2,container-0648.csv container-0866.csv,
聖光の理,Holy Light Law,,2,container-0648.csv container-0866.csv,
闇夜の理,Dark Night Law,,2,container-0648.csv container-0866.csv,
色無しの理,Achromatic Law,,2,container-0648.csv container-0866.csv,
亀裂の戒,Chasm Wrath,,2,container-0648.csv container-0866.csv,
自虐の戒,Masochist Wrath,,2,container-0648.csv container-0866.csv,
魂を〓る〓の戒,Soul-Carver Wrath,,2,container-0648.csv container-0866.csv,
壁の加護,Barrier Blessing,,2,container-0648.csv container-0866.csv,
命精の加護,Lifeforce Blessing,,2,container-0648.csv container-0866.csv,
〓〓の加護,Six Elements Blessing,,2,container-0648.csv container-0866.csv,
命のみ糧とする戒,Wrath of Bread Alone,,2,container-0648.csv container-0866.csv,
剣を〓とする戒,Wrath of Forcefulness,,2,container-0648.csv container-0866.csv,
常に常とする理,Law of Consistency,,2,container-0648.csv container-0866.csv,
糧なき突撃兵の理,Desperate Soldier Law,,2,container-0648.csv container-0866.csv,
混〓の理,Chaos Law,,2,container-0648.csv container-0866.csv,
異法消しの理,Lawbreaker's Law,,2,container-0648.csv container-0866.csv,
敵を〓く虚空の理,Elusive Air Law,,2,container-0648.csv container-0866.csv,
法を交わす道の理,Trade Law,,2,container-0648.csv container-0866.csv,
理〓ぐ大〓の加護,Yggdrasil Blessing,,2,container-0648.csv container-0866.csv,
多光跳の加護,Festive Light Blessing,,2,container-0648.csv container-0866.csv,
〓光跳の戒,Somber Light Wrath,,2,container-0648.csv container-0866.csv,
無力な伝書〓の戒,Powerless Pigeon Wrath,,2,container-0648.csv container-0866.csv,
霧の戒,Fog Wrath,,2,container-0648.csv container-0866.csv,
剣の加護,Sword Blessing,,2,container-0648.csv container-0866.csv,
鋭剣の理,Sharp Sword Law,,2,container-0648.csv container-0866.csv,
盾の加護,Shield Blessing,,2,container-0648.csv container-0866.csv,
大盾の理,Great Shield Law,,2,container-0648.csv container-0866.csv,
貴石の加護,Ore Blessing,,2,container-0648.csv container-0866.csv,
毒針の加護,Poison Pin Blessing,,2,container-0648.csv container-0866.csv,
黙針の加護,Silent Pin Blessing,,2,container-0648.csv container-0866.csv,
混針の加護,Confuse Pin Blessing,,2,container-0648.csv container-0866.csv,
備えなき城の理,Unprepared Castle Law,,2,container-0648.csv container-0866.csv,
聖の加護,Holy Blessing,,2,container-0648.csv container-0866.csv,
闇の加護,Darkness Blessing,,2,container-0648.csv container-0866.csv,
投石器の戒,Stone Hurler Wrath,,2,container-0648.csv container-0866.csv,
〓足馬の加護,Sleipnir Blessing,,2,container-0648.csv container-0866.csv,
狩精の加護,Hunter Blessing,,2,container-0648.csv container-0866.csv,
足〓の戒,Fetters Wrath,,2,container-0648.csv container-0866.csv,
手〓の戒,Manacles Wrath,,2,container-0648.csv container-0866.csv,
威を〓ぐ〓の戒,Sheathed Power Wrath,,2,container-0648.csv container-0866.csv,
魂を〓る〓力の戒,Soul Wringer Wrath,,2,container-0648.csv container-0866.csv,
〓谷の理,Secluded Valley Law,,2,container-0648.csv container-0866.csv,
堅者の加護,Strongman Blessing,,2,container-0648.csv container-0866.csv,
転性の理,Transvestal Law,,2,container-0648.csv container-0866.csv,
〓子の加護,Paper Tiger Blessing,,2,container-0648.csv container-0866.csv,
〓の戒,Rust Wrath,,2,container-0648.csv container-0866.csv,
"戦闘勝利時に効果発生。
獲得金〓が.倍になる。
（所有時のみ有効）","Activated after victory. Money
acquired increases to 150%
(when held).",,2,container-0648.csv container-0866.csv,
"戦闘時に効果発生。
エクステンドゲージの減少速度が
〓くなる。
（所有時のみ有効）","Activated in battle. Extension Gauge
reduction slows (when held).",,2,container-0648.csv container-0866.csv,
"戦闘時に効果発生。
紫炎石と輝炎石が出なくなる。
代わりにアイテムが手に入る。
（所有時のみ有効）","Activated in battle. No purple and
bright gems, get items
instead (when held).",,2,container-0648.csv container-0866.csv,
"戦闘勝利時に効果発生。
経験値が倍になる。
代わりに獲得金〓はゼロになる。
（所有時のみ有効）","Activated after victory. Experience
doubles, but money is not acquired
(when held).",,2,container-0648.csv container-0866.csv,
"戦闘勝利時に効果発生。
獲得金〓が倍になる。
代わりに経験値はゼロになる。
（所有時のみ有効）","Activated after victory. Money
triples, but experience is not
acquired (when held).",,2,container-0648.csv container-0866.csv,
"戦闘勝利時に効果発生。
戦闘に参加していないキャラクター
にも〓の経験値が〓り振られる。
（所有時のみ有効）","Activated after victory. Distributes
1/6 of experience to allies not
fighting (when held).",,2,container-0648.csv container-0866.csv,
"フィールド移動時に効果発生。
光子の反射回数が回増える。
（所有時のみ有効）","Activated in field. Photons reflected
four additional times (when held).",,2,container-0648.csv container-0866.csv,
"フィールド移動時に効果発生。
ユグドラシルのピラーを、
光子を当てて破壊できる。
（所有時のみ有効）","Activated in field. Photons can
break Yggdrasil's pillars (when
held).",,2,container-0648.csv container-0866.csv,
"フィールド移動時に効果発生。
光子を方向に同時発射する。
ただし連射はできない。
（所有時のみ有効）","Activated in field. Fire photons three
directions at once. No repeat firing
(when held).",,2,container-0648.csv container-0866.csv,
"戦闘開始時に効果発生。
所持すれば不意打ちを回避できる。
逆に、この効果を持つ敵との戦闘は
必ず不意打ちになる。","Activated at fight start. Prevents
enemy ambush when held. When
used by enemies, assures ambush.",,2,container-0648.csv container-0866.csv,
"フィールド移動時は、強制移動力を
無効化する。
戦闘時は、効果対〓者が攻撃を
受けた時の吹き飛び量を減少させる。","Negates forced movement in field.
In battle, subject is thrown less
when launched.",,2,container-0648.csv container-0866.csv,
"フィールド移動時は、強制移動力の
影響を増加する。
戦闘時は、効果対〓者が攻撃を
受けた時の吹き飛び量を増加させる。","Increases forced movement in field.
In battle, subject is thrown more
when launched.",,2,container-0648.csv container-0866.csv,
"フィールド移動時、ジャンプ中に
上を押すと、落下速度が低下する。
代わりに宝箱や戦闘時の部位破壊
によるアイテムを入手できない。","Activated in field. Push up after
jump to glide. No items from
treasure chests or breaking
enemies.",,2,container-0648.csv container-0866.csv,
"戦闘時に効果発生。
効果対〓者の炎属性攻撃の威力を
.倍にする。
ただし氷属性攻撃の威力は半減する。","Activated in battle. Subject's fire
attack power upped to 150%. Ice
attack power is halved.",,2,container-0648.csv container-0866.csv,
"戦闘時に効果発生。
効果対〓者の氷属性攻撃の威力を
.倍にする。
ただし炎属性攻撃の威力は半減する。","Activated in battle. Subject's ice
attack power upped to 150%. Fire
attack power is halved.",,2,container-0648.csv container-0866.csv,
"戦闘時に効果発生。
効果対〓者の土属性攻撃の威力を
.倍にする。
ただし雷属性攻撃の威力は半減する。","Activated in battle. Subject's earth
attack power upped to 150%.
Lightning attack power is halved.",,2,container-0648.csv container-0866.csv,
"戦闘時に効果発生。
効果対〓者の雷属性攻撃の威力を
.倍にする。
ただし土属性攻撃の威力は半減する。","Activated in battle. Subject's
lightning attack power upped to
150%. Earth attack power is halved.",,2,container-0648.csv container-0866.csv,
"戦闘時に効果発生。効果対〓者の
物理攻撃を炎属性に変換する。
また、炎攻撃吸収を得る代わりに
氷耐性を失う。","Activated in battle. Subject's
physical attack becomes fire attack.
Absorbs fire, but loses all ice
resistance.",,2,container-0648.csv container-0866.csv,
"戦闘時に効果発生。効果対〓者の
物理攻撃を氷属性に変換する。
また、氷攻撃吸収を得る代わりに
炎耐性を失う。","Activated in battle. Subject's
physical attack becomes ice attack.
Absorbs ice, but loses all fire
resistance.",,2,container-0648.csv container-0866.csv,
"戦闘時に効果発生。効果対〓者の
物理攻撃を土属性に変換する。
また、土攻撃吸収を得る代わりに
雷耐性を失う。","Activated in battle. Subject's
physical attack becomes earth
attack. Absorbs earth, but loses all
lightning resistance.",,2,container-0648.csv container-0866.csv,
"戦闘時に効果発生。効果対〓者の
物理攻撃を雷属性に変換する。
また、雷攻撃吸収を得る代わりに
土耐性を失う。","Activated in battle. Subject's
physical attack becomes lightning
attack. Absorbs lightning, but loses
all earth resistance.",,2,container-0648.csv container-0866.csv,
"戦闘時に効果発生。効果対〓者の
物理攻撃を聖属性に変換する。
また、聖攻撃吸収を得る代わりに
闇耐性を失う。","Activated in battle. Subject's
physical attack becomes holy
attack. Absorbs holy, but loses all
dark resistance.",,2,container-0648.csv container-0866.csv,
"戦闘時に効果発生。効果対〓者の
物理攻撃を闇属性に変換する。
また、闇攻撃吸収を得る代わりに
聖耐性を失う。","Activated in battle. Subject's
physical attack becomes dark
attack. Absorbs dark, but loses all
holy resistance.",,2,container-0648.csv container-0866.csv,
"戦闘時に効果発生。
効果対〓者の属性抵抗をゼロにする。","Activated in battle. Reduces
subject's resistance to all elements
to zero.",,2,container-0648.csv container-0866.csv,
"戦闘時に効果発生。
効果対〓者のRDMとRSTを
〓に減少させる。","Activated in battle. Subject's RDM
and RST reduced to 1/2.",,2,container-0648.csv container-0866.csv,
"戦闘時に効果発生。
攻撃時に与えたダメージの一部が
効果対〓者に跳ね返る。","Activated in battle. Portion of
attack damage is reflected back
at subject.",,2,container-0648.csv container-0866.csv,
"戦闘時に効果発生。
効果対〓者は定期的にダメージを
受け続ける。
このダメージは少しずつ小さくなる。","Activated in battle. Subject suffers
damage periodically. Damage
suffered decreases over time.",,2,container-0648.csv container-0866.csv,
"戦闘時に効果発生。
効果対〓者が受けた以下の
ダメージを無効化する。","Activated in battle. Damage less
than 50 points is nullified.",,2,container-0648.csv container-0866.csv,
"戦闘時に効果発生。
効果対〓者がアイテム・魔法〓で
HPを回復する時、回復量を倍に
する。","Activated in battle. HP recovery
doubles when subject is healed by
items or magic.",,2,container-0648.csv container-0866.csv,
"戦闘時に効果発生。
効果対〓者の全ての属性抵抗に
を加える。","Activated in battle. Resistance to all
elements increases to 120% for
subject.",,2,container-0648.csv container-0866.csv,
"戦闘時に効果発生。
効果対〓者の攻撃時、与えた
ダメージの〓のHPを回復する。
代わりにメニューを使用できない。","Activated in battle. 1/8 of damage
inflicted added to subject's HP, but
cannot use menu.",,2,container-0648.csv container-0866.csv,
"戦闘時に効果発生。
効果対〓者のATKを倍にする。
ただし、攻撃時に〓の確率で
使用中の武器が破壊される。","Activated in battle. ATK triples,
but weapon breaks 1/5 of
the time.",,2,container-0648.csv container-0866.csv,
"戦闘・フィールド、両方で効果発生。
効果対〓者にかけられた、ステータス
異常や補助魔法〓の持続効果を無効
とする。","Activated in field, battle. All long-
term ailment and support magic
effects are nullified.",,2,container-0648.csv container-0866.csv,
"戦闘時に効果発生。
効果対〓者のATKを.倍
にする。
HP回復効果はすべて無効化する。","Activated in battle. ATK of subject
increases to 150%. All HP recovery
effects nullified.",,2,container-0648.csv container-0866.csv,
"戦闘時に効果発生。
何かしらの効果を対〓者に与えるが、
効果は戦闘のたびに変化する。","Activated in battle. Unknown effect
applies to subject. This will change
with each battle.",,2,container-0648.csv container-0866.csv,
"戦闘・フィールド、両方で効果発生。
効果対〓者に影響を与えている他の
封印石の効果を無力化する。","Activated in field, battle. Nullifies
other sealstone effects applied to
target.",,2,container-0648.csv container-0866.csv,
"フィールド移動時に効果発生。
敵に接〓されても戦闘にならない。
ただし所持中のみ、敵を斬りつけて
戦闘を挑む事もできる。","Activated in field. Touching enemy
does not cause battle. Can enter
battle by hitting with weapon.",,2,container-0648.csv container-0866.csv,
"戦闘時に効果発生。
効果対〓者と敵対者が持つ封印石の
効果を入れ替える。","Activated in battle. Effects of ally
and enemy sealstones are
exchanged.",,2,container-0648.csv container-0866.csv,
"戦闘時に効果発生。
ATK・MAG・HIT・AVD・RST・RDM
を.倍にする。","Activated in battle. ATK, MAG, HIT,
AVD, RST, and RDM increase to
120%.",,2,container-0648.csv container-0866.csv,
"フィールド移動時に効果発生。
光子の反射回数が回増える。","Activated in field. Number of photon
reflections increases by 20.",,2,container-0648.csv container-0866.csv,
"フィールド移動時に効果発生。
光子の反射回数が回減少する。","Activated in field. Number of photon
reflections decreases by 3.",,2,container-0648.csv container-0866.csv,
"フィールド移動時、ジャンプ力が
大〓に上昇する。
代わりに宝箱や戦闘時の部位破壊
によるアイテムを入手できない。","Activated in field. Jumping ability
dramatically improves. No items
from treasure chests or breaking
enemies.",,2,container-0648.csv container-0866.csv,
"フィールド移動時に効果発生。
所持するとミニマップ上の敵表示が
消える。敵が効果を受けた場合は
追ってこなくなる。","Activated in field. When held, foes
do not show on minimap. Affected
enemies do not give chase.",,2,container-0648.csv container-0866.csv,
"戦闘時に効果発生。
効果対〓者のATKを.倍に
する。","Activated in battle. Subject's ATK
increases to 120%.",,2,container-0648.csv container-0866.csv,
"戦闘時に効果発生。
効果対〓者のATKを.倍
にする。代わりにRDMを〓に
減少させる。","Activated in battle. Subject's ATK
increases to 150%, but RDM is
halved.",,2,container-0648.csv container-0866.csv,
"戦闘時に効果発生。
効果対〓者のRDMを.倍に
する。","Activated in battle. Subject's RDM
increases to 120%.",,2,container-0648.csv container-0866.csv,
"戦闘時に効果発生。
効果対〓者のRDMを倍
にする。代わりにATKを〓に
減少させる。","Activated in battle. Subject's RDM
doubles, but ATK is reduced to 3/4.",,2,container-0648.csv container-0866.csv,
"戦闘時に効果発生。
攻撃によって出現する紫炎石の量が
増加する。","Activated in battle. Increases
amount of purple gems that appear
after an attack.",,2,container-0648.csv container-0866.csv,
"戦闘時に効果発生。
攻撃対〓を低確率で毒状態に
する。","Activated in battle. Small chance
targeted enemy may be afflicted
with Poison.",,2,container-0648.csv container-0866.csv,
"戦闘時に効果発生。
攻撃対〓を低確率で沈黙状態に
する。","Activated in battle. Small chance
targeted enemy may be afflicted
with Silence.",,2,container-0648.csv container-0866.csv,
"戦闘時に効果発生。
攻撃対〓を低確率で混乱状態に
する。","Activated in battle. Small chance
targeted enemy may be afflicted
with Confusion.",,2,container-0648.csv container-0866.csv,
"戦闘時に効果発生。
効果対〓者のRDMを倍にする。
代わりにメニューを使用できなく
なる。","Activated in battle. RDM of subject
doubles, but menu cannot be used.",,2,container-0648.csv container-0866.csv,
"戦闘時に効果発生。
効果対〓者の聖属性攻撃の威力を
.倍にする。
ただし闇属性攻撃の威力は半減する。","Activated in battle. Subject's holy
element attack power upped to
150%. Dark element attack power
is halved.",,2,container-0648.csv container-0866.csv,
"戦闘時に効果発生。
効果対〓者の闇属性攻撃の威力を
.倍にする。
ただし聖属性攻撃の威力は半減する。","Activated in battle. Subject's dark
element attack power upped to
150%. Holy element attack power
is halved.",,2,container-0648.csv container-0866.csv,
"戦闘時に効果発生。
効果対〓者の射撃による攻撃の
威力を倍にする。
代わりに移動速度が〓くなる。","Activated in battle. Subject's
projectile attack power doubles, but
movement speed is slowed.",,2,container-0648.csv container-0866.csv,
"戦闘時に効果発生。
効果対〓者の回避率を大〓に
上昇させる。","Activated in battle. Subject's
evasion percentage is greatly
increased.",,2,container-0648.csv container-0866.csv,
"戦闘時に効果発生。
効果対〓者の命中率を大〓に
上昇させる。","Activated in battle. Subject's hit
percentage is greatly increased.",,2,container-0648.csv container-0866.csv,
"戦闘時に効果発生。
効果対〓者は回避や反撃を
行えなくなる。","Activated in battle. Subject cannot
evade or counter attack.",,2,container-0648.csv container-0866.csv,
"戦闘時に効果発生。
効果対〓者はガードを
行えなくなる。","Activated in battle. Subject cannot
guard.",,2,container-0648.csv container-0866.csv,
"戦闘時に効果発生。
効果対〓者が敵に与えるダメージを
〓に減少させる。","Activated in battle. Damage inflicted
by subject is reduced to 1/4.",,2,container-0648.csv container-0866.csv,
"戦闘時に効果発生。
効果対〓者は定期的に大ダメージを
受け続ける。
このダメージは少しずつ小さくなる。","Activated in battle. Subject
periodically suffers heavy damage.
This damage becomes less over
time.",,2,container-0648.csv container-0866.csv,
"戦闘時に効果発生。
効果対〓者が受けるダメージを
〓にする。
HP回復効果をすべて無効とする。","Activated in battle. Damage
suffered by subject reduced to 1/4.
All healing effects nullified.",,2,container-0648.csv container-0866.csv,
"戦闘時に効果発生。
効果対〓者が受けたクリティカルを
無効にする。","Activated in battle. Subject
becomes immune to critical
attacks.",,2,container-0648.csv container-0866.csv,
"戦闘時に効果発生。
効果対〓者が性別を持つ場合、
それを逆とみなす。","Activated in battle. Reverses the
gender of the subject.",,2,container-0648.csv container-0866.csv,
"戦闘時に効果発生。
効果対〓者のHPが最大の時、
ATKとMAGが.倍になる。","Activated in battle. When subject is
at maximum HP, ATK and MAG
increase to 120%.",,2,container-0648.csv container-0866.csv,
"戦闘時に効果発生。
効果対〓者のATKを〓、
RDMを〓に減少させる。","Activated in battle. Subject's ATK is
reduced to 3/4, RDM to 1/2.",,2,container-0648.csv container-0866.csv,
獲得金〓〓P,More Money,,2,container-0648.csv container-0866.csv,
ボーナス〓P,Bigger Bonus,,2,container-0648.csv container-0866.csv,
アイテム出現？,Items Appear?,,2,container-0648.csv container-0866.csv,
紫炎石発生無効,No Purple Gems,,2,container-0648.csv container-0866.csv,
獲得金〓〓,Acquired OTH = 0,,2,container-0648.csv container-0866.csv,
獲得金〓×,Acquired OTH x 3,,2,container-0648.csv container-0866.csv,
経験値〓,Experience = 0,,2,container-0648.csv container-0866.csv,
